Year,State,Population,Salary,IsCoastal
1969,Alabama,3411770.0,0.0,0
1969,Alaska,294290.0,2.1,1
1969,Arizona,1702945.0,0.66,0
1969,Arkansas,1893768.0,0.15625,0
1969,California,19745905.0,1.65,1
1969,Colorado,2153153.0,1.25,0
1969,Connecticut,3014615.0,1.4,1
1969,Delaware,537811.0,1.25,1
1969,District of Columbia,760291.0,1.4,0
1969,Florida,6567950.0,0.0,1
1969,Georgia,4513265.0,0.0,1
1969,Hawaii,751103.0,1.25,1
1969,Idaho,697487.0,1.15,0
1969,Illinois,11052819.0,0.0,0
1969,Indiana,5162578.0,1.15,0
1969,Iowa,2809783.0,0.0,0
1969,Kansas,2250328.0,0.0,0
1969,Kentucky,3173740.0,0.75,0
1969,Louisiana,3604367.0,0.0,0
1969,Maine,980609.0,1.4,1
1969,Maryland,3864521.0,1.15,1
1969,Massachusetts,5659435.0,1.6,1
1969,Michigan,8827833.0,1.25,0
1969,Minnesota,3778923.0,1.15,0
1969,Mississippi,2187159.0,0.0,0
1969,Missouri,4650329.0,0.0,0
1969,Montana,684222.0,0.0,0
1969,Nebraska,1473784.0,1.0,0
1969,Nevada,469977.0,1.25,0
1969,New Hampshire,722955.0,1.4,1
1969,New Jersey,7104428.0,1.4,1
1969,New Mexico,995273.0,1.4,0
1969,New York,18167105.0,1.6,1
1969,North Carolina,5013668.0,1.0,1
1969,North Dakota,612454.0,1.25,0
1969,Ohio,10610728.0,1.25,0
1969,Oklahoma,2523771.0,1.0,0
1969,Oregon,2056379.0,1.25,1
1969,Pennsylvania,11750369.0,1.15,0
1969,Rhode Island,941122.0,1.4,1
1969,South Carolina,2547708.0,0.0,1
1969,South Dakota,663081.0,0.5,0
1969,Tennessee,3874872.0,0.0,0
1969,Texas,11010547.0,0.0,0
1969,Utah,1034450.0,1.15,0
1969,Vermont,438948.0,1.4,0
1969,Virginia,4589746.0,0.0,1
1969,Washington,3392905.0,1.6,1
1969,West Virginia,1728411.0,1.0,0
1969,Wisconsin,4392904.0,1.25,0
1969,Wyoming,327809.0,1.2,0
1970,Alabama,3454557.0,0.0,0
1970,Alaska,305328.0,2.1,1
1970,Arizona,1799531.0,0.66,0
1970,Arkansas,1932816.0,1.1,0
1970,California,20045806.0,1.65,1
1970,Colorado,2228340.0,1.25,0
1970,Connecticut,3038035.0,1.6,1
1970,Delaware,551509.0,1.25,1
1970,District of Columbia,755466.0,2.0,0
1970,Florida,6865460.0,0.0,1
1970,Georgia,4611479.0,0.0,1
1970,Hawaii,776177.0,1.6,1
1970,Idaho,718147.0,1.25,0
1970,Illinois,11129316.0,0.0,0
1970,Indiana,5206262.0,1.25,0
1970,Iowa,2830777.0,0.0,0
1970,Kansas,2248359.0,0.0,0
1970,Kentucky,3236121.0,0.75,0
1970,Louisiana,3657391.0,0.0,0
1970,Maine,998135.0,1.6,1
1970,Maryland,3943493.0,1.3,1
1970,Massachusetts,5699034.0,1.6,1
1970,Michigan,8899844.0,1.25,0
1970,Minnesota,3815381.0,1.15,0
1970,Mississippi,2226138.0,0.0,0
1970,Missouri,4686588.0,0.0,0
1970,Montana,697665.0,0.0,0
1970,Nebraska,1489064.0,1.0,0
1970,Nevada,494996.0,1.3,0
1970,New Hampshire,742566.0,1.6,1
1970,New Jersey,7193210.0,1.5,1
1970,New Mexico,1024290.0,1.6,0
1970,New York,18266034.0,1.6,1
1970,North Carolina,5107138.0,1.25,1
1970,North Dakota,619616.0,1.45,0
1970,Ohio,10672784.0,1.25,0
1970,Oklahoma,2570926.0,1.0,0
1970,Oregon,2103151.0,1.25,1
1970,Pennsylvania,11817397.0,1.3,0
1970,Rhode Island,952555.0,1.6,1
1970,South Carolina,2604662.0,0.0,1
1970,South Dakota,667299.0,1.0,0
1970,Tennessee,3942583.0,0.0,0
1970,Texas,11260221.0,0.0,0
1970,Utah,1067600.0,1.15,0
1970,Vermont,446649.0,1.6,0
1970,Virginia,4671101.0,0.0,1
1970,Washington,3419974.0,1.6,1
1970,West Virginia,1749347.0,1.0,0
1970,Wisconsin,4426419.0,1.3,0
1970,Wyoming,333928.0,1.3,0
1971,Alabama,3497349.0,0.0,0
1971,Alaska,316366.0,2.1,1
1971,Arizona,1896117.0,0.66,0
1971,Arkansas,1971940.0,1.1,0
1971,California,20345724.0,1.65,1
1971,Colorado,2303608.0,1.25,0
1971,Connecticut,3061455.0,1.6,1
1971,Delaware,565207.0,1.25,1
1971,District of Columbia,750641.0,2.0,0
1971,Florida,7162971.0,0.0,1
1971,Georgia,4709721.0,0.0,1
1971,Hawaii,801251.0,1.6,1
1971,Idaho,738856.0,1.25,0
1971,Illinois,11205953.0,0.0,0
1971,Indiana,5250028.0,1.25,0
1971,Iowa,2851875.0,0.0,0
1971,Kansas,2246461.0,0.0,0
1971,Kentucky,3298565.0,0.75,0
1971,Louisiana,3710415.0,0.0,0
1971,Maine,1015679.0,1.6,1
1971,Maryland,4022470.0,1.3,1
1971,Massachusetts,5738634.0,1.6,1
1971,Michigan,8971957.0,1.25,0
1971,Minnesota,3851972.0,1.15,0
1971,Mississippi,2265118.0,0.0,0
1971,Missouri,4722984.0,0.0,0
1971,Montana,711153.0,0.0,0
1971,Nebraska,1504425.0,1.0,0
1971,Nevada,520027.0,1.3,0
1971,New Hampshire,762190.0,1.6,1
1971,New Jersey,7281992.0,1.5,1
1971,New Mexico,1053333.0,1.6,0
1971,New York,18364991.0,1.6,1
1971,North Carolina,5200624.0,1.25,1
1971,North Dakota,626814.0,1.45,0
1971,Ohio,10734897.0,1.25,0
1971,Oklahoma,2618115.0,1.0,0
1971,Oregon,2149942.0,1.25,1
1971,Pennsylvania,11884462.0,1.3,0
1971,Rhode Island,963988.0,1.6,1
1971,South Carolina,2661616.0,0.0,1
1971,South Dakota,671564.0,1.0,0
1971,Tennessee,4010338.0,0.0,0
1971,Texas,11510036.0,0.0,0
1971,Utah,1100798.0,1.15,0
1971,Vermont,454378.0,1.6,0
1971,Virginia,4752480.0,0.0,1
1971,Washington,3447070.0,1.6,1
1971,West Virginia,1770346.0,1.0,0
1971,Wisconsin,4460012.0,1.3,0
1971,Wyoming,340058.0,1.3,0
1972,Alabama,3540003.0,0.0,0
1972,Alaska,326431.0,2.1,1
1972,Arizona,2008852.0,0.66,0
1972,Arkansas,2017987.0,1.2,0
1972,California,20584918.0,1.65,1
1972,Colorado,2404715.0,1.25,0
1972,Connecticut,3069631.0,1.85,1
1972,Delaware,573824.0,1.6,1
1972,District of Columbia,743778.0,2.25,0
1972,Florida,7520382.0,0.0,1
1972,Georgia,4806621.0,1.25,1
1972,Hawaii,827610.0,1.6,1
1972,Idaho,763315.0,1.4,0
1972,Illinois,11258208.0,1.4,0
1972,Indiana,5296219.0,1.25,0
1972,Iowa,2860464.0,0.0,0
1972,Kansas,2255791.0,0.0,0
1972,Kentucky,3336275.0,0.75,0
1972,Louisiana,3761799.0,0.0,0
1972,Maine,1034816.0,1.8,1
1972,Maryland,4081123.0,1.6,1
1972,Massachusetts,5762150.0,1.75,1
1972,Michigan,9024729.0,1.6,0
1972,Minnesota,3866890.0,1.6,0
1972,Mississippi,2306980.0,0.0,0
1972,Missouri,4753328.0,0.0,0
1972,Montana,719272.0,1.6,0
1972,Nebraska,1518356.0,1.0,0
1972,Nevada,546805.0,1.6,0
1972,New Hampshire,781710.0,1.6,1
1972,New Jersey,7336570.0,1.5,1
1972,New Mexico,1077889.0,1.6,0
1972,New York,18351888.0,1.85,1
1972,North Carolina,5296063.0,1.45,1
1972,North Dakota,631073.0,1.45,0
1972,Ohio,10747042.0,1.25,0
1972,Oklahoma,2657777.0,1.4,0
1972,Oregon,2195316.0,1.25,1
1972,Pennsylvania,11904626.0,1.6,0
1972,Rhode Island,976384.0,1.6,1
1972,South Carolina,2718294.0,0.0,1
1972,South Dakota,677476.0,1.0,0
1972,Tennessee,4088549.0,0.0,0
1972,Texas,11759213.0,1.4,0
1972,Utah,1134632.0,1.35,0
1972,Vermont,463212.0,1.6,0
1972,Virginia,4827910.0,0.0,1
1972,Washington,3446895.0,1.6,1
1972,West Virginia,1796949.0,1.2,0
1972,Wisconsin,4498455.0,1.45,0
1972,Wyoming,346893.0,1.5,0
1973,Alabama,3580759.0,0.0,0
1973,Alaska,333134.0,2.1,1
1973,Arizona,2125305.0,0.66,0
1973,Arkansas,2058402.0,1.2,0
1973,California,20867894.0,1.65,1
1973,Colorado,2495942.0,1.25,0
1973,Connecticut,3069158.0,1.85,1
1973,Delaware,579100.0,1.6,1
1973,District of Columbia,733677.0,2.25,0
1973,Florida,7927232.0,0.0,1
1973,Georgia,4906450.0,1.25,1
1973,Hawaii,850517.0,1.6,1
1973,Idaho,782142.0,1.4,0
1973,Illinois,11260386.0,1.4,0
1973,Indiana,5329163.0,1.25,0
1973,Iowa,2864033.0,0.0,0
1973,Kansas,2264585.0,0.0,0
1973,Kentucky,3371741.0,0.75,0
1973,Louisiana,3788684.0,0.0,0
1973,Maine,1046432.0,1.8,1
1973,Maryland,4109069.0,1.6,1
1973,Massachusetts,5783836.0,1.75,1
1973,Michigan,9071832.0,1.6,0
1973,Minnesota,3885200.0,1.6,0
1973,Mississippi,2349565.0,0.0,0
1973,Missouri,4774667.0,0.0,0
1973,Montana,727504.0,1.6,0
1973,Nebraska,1528599.0,1.0,0
1973,Nevada,568946.0,1.6,0
1973,New Hampshire,801832.0,1.6,1
1973,New Jersey,7335280.0,1.5,1
1973,New Mexico,1104347.0,1.6,0
1973,New York,18194899.0,1.85,1
1973,North Carolina,5382396.0,1.45,1
1973,North Dakota,632500.0,1.45,0
1973,Ohio,10767335.0,1.25,0
1973,Oklahoma,2694412.0,1.4,0
1973,Oregon,2238985.0,1.25,1
1973,Pennsylvania,11885290.0,1.6,0
1973,Rhode Island,978018.0,1.6,1
1973,South Carolina,2775339.0,0.0,1
1973,South Dakota,678998.0,1.0,0
1973,Tennessee,4138628.0,0.0,0
1973,Texas,12019599.0,1.4,0
1973,Utah,1168826.0,1.35,0
1973,Vermont,468547.0,1.6,0
1973,Virginia,4906505.0,0.0,1
1973,Washington,3477308.0,1.6,1
1973,West Virginia,1805347.0,1.2,0
1973,Wisconsin,4518503.0,1.45,0
1973,Wyoming,353385.0,1.5,0
1974,Alabama,3627778.0,0.0,0
1974,Alaska,344658.0,2.1,1
1974,Arizona,2224356.0,0.66,0
1974,Arkansas,2100229.0,1.2,0
1974,California,21172684.0,1.65,1
1974,Colorado,2541424.0,1.25,0
1974,Connecticut,3075790.0,1.85,1
1974,Delaware,583149.0,1.6,1
1974,District of Columbia,720758.0,2.25,0
1974,Florida,8317073.0,0.0,1
1974,Georgia,4994465.0,1.25,1
1974,Hawaii,866559.0,1.6,1
1974,Idaho,808043.0,1.4,0
1974,Illinois,11273801.0,1.4,0
1974,Indiana,5349955.0,1.25,0
1974,Iowa,2867942.0,0.0,0
1974,Kansas,2268075.0,0.0,0
1974,Kentucky,3417229.0,0.75,0
1974,Louisiana,3820684.0,0.0,0
1974,Maine,1060069.0,1.8,1
1974,Maryland,4133329.0,1.6,1
1974,Massachusetts,5777027.0,1.75,1
1974,Michigan,9109456.0,1.6,0
1974,Minnesota,3898512.0,1.6,0
1974,Mississippi,2378460.0,0.0,0
1974,Missouri,4785480.0,0.0,0
1974,Montana,737316.0,1.6,0
1974,Nebraska,1537905.0,1.0,0
1974,Nevada,596747.0,1.6,0
1974,New Hampshire,817071.0,1.6,1
1974,New Jersey,7335230.0,1.5,1
1974,New Mexico,1129663.0,1.6,0
1974,New York,18072890.0,1.85,1
1974,North Carolina,5461082.0,1.45,1
1974,North Dakota,634267.0,1.45,0
1974,Ohio,10765749.0,1.25,0
1974,Oklahoma,2732590.0,1.4,0
1974,Oregon,2281008.0,1.25,1
1974,Pennsylvania,11864002.0,1.6,0
1974,Rhode Island,953519.0,1.6,1
1974,South Carolina,2843112.0,0.0,1
1974,South Dakota,679892.0,1.0,0
1974,Tennessee,4201789.0,0.0,0
1974,Texas,12268221.0,1.4,0
1974,Utah,1198852.0,1.35,0
1974,Vermont,473148.0,1.6,0
1974,Virginia,4978036.0,0.0,1
1974,Washington,3547959.0,1.6,1
1974,West Virginia,1814115.0,1.2,0
1974,Wisconsin,4538220.0,1.45,0
1974,Wyoming,364575.0,1.5,0
1975,Alabama,3680495.0,0.0,0
1975,Alaska,370866.0,2.1,1
1975,Arizona,2286342.0,0.66,0
1975,Arkansas,2158257.0,1.2,0
1975,California,21536811.0,1.65,1
1975,Colorado,2586243.0,1.25,0
1975,Connecticut,3084745.0,1.85,1
1975,Delaware,588737.0,1.6,1
1975,District of Columbia,710304.0,2.25,0
1975,Florida,8541584.0,0.0,1
1975,Georgia,5058099.0,1.25,1
1975,Hawaii,884406.0,1.6,1
1975,Idaho,832061.0,1.4,0
1975,Illinois,11306443.0,1.4,0
1975,Indiana,5351155.0,1.25,0
1975,Iowa,2881482.0,0.0,0
1975,Kansas,2278947.0,0.0,0
1975,Kentucky,3468957.0,0.75,0
1975,Louisiana,3886835.0,0.0,0
1975,Maine,1073287.0,1.8,1
1975,Maryland,4157172.0,1.6,1
1975,Massachusetts,5762168.0,1.75,1
1975,Michigan,9107933.0,1.6,0
1975,Minnesota,3925808.0,1.6,0
1975,Mississippi,2399711.0,0.0,0
1975,Missouri,4795560.0,0.0,0
1975,Montana,749209.0,1.6,0
1975,Nebraska,1541653.0,1.0,0
1975,Nevada,619877.0,1.6,0
1975,New Hampshire,830038.0,1.6,1
1975,New Jersey,7341399.0,1.5,1
1975,New Mexico,1162743.0,1.6,0
1975,New York,18032337.0,1.85,1
1975,North Carolina,5535035.0,1.45,1
1975,North Dakota,638605.0,1.45,0
1975,Ohio,10770620.0,1.25,0
1975,Oklahoma,2771958.0,1.4,0
1975,Oregon,2324646.0,1.25,1
1975,Pennsylvania,11897884.0,1.6,0
1975,Rhode Island,946352.0,1.6,1
1975,South Carolina,2900130.0,0.0,1
1975,South Dakota,681489.0,1.0,0
1975,Tennessee,4260943.0,0.0,0
1975,Texas,12568317.0,1.4,0
1975,Utah,1233990.0,1.35,0
1975,Vermont,479897.0,1.6,0
1975,Virginia,5056199.0,0.0,1
1975,Washington,3618928.0,1.6,1
1975,West Virginia,1840660.0,1.2,0
1975,Wisconsin,4569660.0,1.45,0
1975,Wyoming,380537.0,1.5,0
1976,Alabama,3737038.0,0.0,0
1976,Alaska,392998.0,2.8,1
1976,Arizona,2347970.0,0.0,0
1976,Arkansas,2168656.0,1.9,0
1976,California,21934604.0,2.0,1
1976,Colorado,2632370.0,1.25,0
1976,Connecticut,3085999.0,2.31,1
1976,Delaware,592753.0,2.0,1
1976,District of Columbia,696305.0,2.75,0
1976,Florida,8695198.0,0.0,1
1976,Georgia,5125734.0,1.25,1
1976,Hawaii,902061.0,2.4,1
1976,Idaho,857076.0,1.6,0
1976,Illinois,11360331.0,2.1,0
1976,Indiana,5371615.0,1.25,0
1976,Iowa,2903776.0,0.0,0
1976,Kansas,2298892.0,0.0,0
1976,Kentucky,3530680.0,1.6,0
1976,Louisiana,3951506.0,0.0,0
1976,Maine,1089964.0,2.3,1
1976,Maryland,4172112.0,2.3,1
1976,Massachusetts,5748885.0,2.1,1
1976,Michigan,9117539.0,2.2,0
1976,Minnesota,3956673.0,1.8,0
1976,Mississippi,2430110.0,0.0,0
1976,Missouri,4823715.0,0.0,0
1976,Montana,758597.0,1.8,0
1976,Nebraska,1549128.0,1.6,0
1976,Nevada,646870.0,2.3,0
1976,New Hampshire,847025.0,2.3,1
1976,New Jersey,7344079.0,2.2,1
1976,New Mexico,1195208.0,2.0,0
1976,New York,17974781.0,2.3,1
1976,North Carolina,5593340.0,2.0,1
1976,North Dakota,645429.0,2.3,0
1976,Ohio,10752843.0,1.6,0
1976,Oklahoma,2823332.0,1.8,0
1976,Oregon,2372217.0,2.3,1
1976,Pennsylvania,11887569.0,2.2,0
1976,Rhode Island,950328.0,2.3,1
1976,South Carolina,2941304.0,0.0,1
1976,South Dakota,686917.0,2.0,0
1976,Tennessee,4329200.0,0.0,0
1976,Texas,12903392.0,1.4,0
1976,Utah,1272410.0,1.7,0
1976,Vermont,485172.0,2.3,0
1976,Virginia,5132519.0,2.0,1
1976,Washington,3690628.0,2.3,1
1976,West Virginia,1877536.0,2.0,0
1976,Wisconsin,4584747.0,2.1,0
1976,Wyoming,395493.0,1.6,0
1977,Alabama,3782571.0,0.0,0
1977,Alaska,397220.0,2.8,1
1977,Arizona,2427296.0,0.0,0
1977,Arkansas,2207195.0,1.9,0
1977,California,22350332.0,2.0,1
1977,Colorado,2696179.0,1.25,0
1977,Connecticut,3088745.0,2.31,1
1977,Delaware,594815.0,2.0,1
1977,District of Columbia,681766.0,2.75,0
1977,Florida,8888806.0,0.0,1
1977,Georgia,5211306.0,1.25,1
1977,Hawaii,915753.0,2.4,1
1977,Idaho,883539.0,1.6,0
1977,Illinois,11406331.0,2.1,0
1977,Indiana,5405151.0,1.25,0
1977,Iowa,2914404.0,0.0,0
1977,Kansas,2318147.0,0.0,0
1977,Kentucky,3575221.0,1.6,0
1977,Louisiana,4015423.0,0.0,0
1977,Maine,1105357.0,2.3,1
1977,Maryland,4194629.0,2.3,1
1977,Massachusetts,5744117.0,2.1,1
1977,Michigan,9157357.0,2.2,0
1977,Minnesota,3979937.0,1.8,0
1977,Mississippi,2459607.0,0.0,0
1977,Missouri,4845283.0,0.0,0
1977,Montana,771428.0,1.8,0
1977,Nebraska,1554759.0,1.6,0
1977,Nevada,678154.0,2.3,0
1977,New Hampshire,871873.0,2.3,1
1977,New Jersey,7342023.0,2.2,1
1977,New Mexico,1225310.0,2.0,0
1977,New York,17851561.0,2.3,1
1977,North Carolina,5668363.0,2.0,1
1977,North Dakota,649294.0,2.3,0
1977,Ohio,10771362.0,1.6,0
1977,Oklahoma,2865865.0,1.8,0
1977,Oregon,2439477.0,2.3,1
1977,Pennsylvania,11881959.0,2.2,0
1977,Rhode Island,955133.0,2.3,1
1977,South Carolina,2988908.0,0.0,1
1977,South Dakota,689104.0,2.0,0
1977,Tennessee,4401991.0,0.0,0
1977,Texas,13192014.0,1.4,0
1977,Utah,1316443.0,1.7,0
1977,Vermont,492180.0,2.3,0
1977,Virginia,5205505.0,2.0,1
1977,Washington,3772421.0,2.3,1
1977,West Virginia,1905696.0,2.0,0
1977,Wisconsin,4613339.0,2.1,0
1977,Wyoming,411606.0,1.6,0
1978,Alabama,3833971.0,0.0,0
1978,Alaska,402051.0,2.8,1
1978,Arizona,2517851.0,0.0,0
1978,Arkansas,2240956.0,1.9,0
1978,California,22839038.0,2.0,1
1978,Colorado,2766843.0,1.25,0
1978,Connecticut,3094869.0,2.31,1
1978,Delaware,598183.0,2.0,1
1978,District of Columbia,670045.0,2.75,0
1978,Florida,9131410.0,0.0,1
1978,Georgia,5285688.0,1.25,1
1978,Hawaii,928804.0,2.4,1
1978,Idaho,911042.0,1.6,0
1978,Illinois,11434520.0,2.1,0
1978,Indiana,5446484.0,1.25,0
1978,Iowa,2919047.0,0.0,0
1978,Kansas,2333141.0,0.0,0
1978,Kentucky,3611577.0,1.6,0
1978,Louisiana,4073143.0,0.0,0
1978,Maine,1115461.0,2.3,1
1978,Maryland,4211619.0,2.3,1
1978,Massachusetts,5742953.0,2.1,1
1978,Michigan,9202029.0,2.2,0
1978,Minnesota,4004738.0,1.8,0
1978,Mississippi,2487840.0,0.0,0
1978,Missouri,4871354.0,0.0,0
1978,Montana,784108.0,1.8,0
1978,Nebraska,1561134.0,1.6,0
1978,Nevada,719391.0,2.3,0
1978,New Hampshire,893981.0,2.3,1
1978,New Jersey,7356425.0,2.2,1
1978,New Mexico,1251898.0,2.0,0
1978,New York,17720503.0,2.3,1
1978,North Carolina,5739221.0,2.0,1
1978,North Dakota,650802.0,2.3,0
1978,Ohio,10795544.0,1.6,0
1978,Oklahoma,2912963.0,1.8,0
1978,Oregon,2509658.0,2.3,1
1978,Pennsylvania,11864840.0,2.2,0
1978,Rhode Island,957247.0,2.3,1
1978,South Carolina,3041015.0,0.0,1
1978,South Dakota,689368.0,2.0,0
1978,Tennessee,4461690.0,0.0,0
1978,Texas,13497902.0,1.4,0
1978,Utah,1364279.0,1.7,0
1978,Vermont,498306.0,2.3,0
1978,Virginia,5283888.0,2.0,1
1978,Washington,3886250.0,2.3,1
1978,West Virginia,1920428.0,2.0,0
1978,Wisconsin,4630998.0,2.1,0
1978,Wyoming,430953.0,1.6,0
1979,Alabama,3869340.0,0.0,0
1979,Alaska,403367.0,3.4,1
1979,Arizona,2638572.0,0.0,0
1979,Arkansas,2269073.0,2.3,0
1979,California,23255178.0,2.9,1
1979,Colorado,2849298.0,1.9,0
1979,Connecticut,3099931.0,2.91,1
1979,Delaware,598823.0,2.0,1
1979,District of Columbia,655620.0,3.0,0
1979,Florida,9470482.0,0.0,1
1979,Georgia,5390853.0,1.23,1
1979,Hawaii,950042.0,2.65,1
1979,Idaho,932725.0,2.3,0
1979,Illinois,11422890.0,2.3,0
1979,Indiana,5474976.0,2.0,0
1979,Iowa,2916824.0,0.0,0
1979,Kansas,2347705.0,1.6,0
1979,Kentucky,3643920.0,2.0,0
1979,Louisiana,4139128.0,0.0,0
1979,Maine,1124939.0,2.9,1
1979,Maryland,4223366.0,2.9,1
1979,Massachusetts,5746212.0,2.9,1
1979,Michigan,9248893.0,2.9,0
1979,Minnesota,4038217.0,2.3,0
1979,Mississippi,2507743.0,0.0,0
1979,Missouri,4889416.0,0.0,0
1979,Montana,789255.0,2.0,0
1979,Nebraska,1564670.0,1.6,0
1979,Nevada,765194.0,2.75,0
1979,New Hampshire,911900.0,2.9,1
1979,New Jersey,7373065.0,2.5,1
1979,New Mexico,1280594.0,2.3,0
1979,New York,17633759.0,2.9,1
1979,North Carolina,5801496.0,2.5,1
1979,North Dakota,652317.0,2.3,0
1979,Ohio,10798677.0,2.3,0
1979,Oklahoma,2970069.0,2.0,0
1979,Oregon,2578367.0,2.3,1
1979,Pennsylvania,11873663.0,2.9,0
1979,Rhode Island,956651.0,2.3,1
1979,South Carolina,3086840.0,0.0,1
1979,South Dakota,689106.0,2.3,0
1979,Tennessee,4533346.0,0.0,0
1979,Texas,13887550.0,1.4,0
1979,Utah,1416142.0,2.45,0
1979,Vermont,505730.0,2.9,0
1979,Virginia,5324338.0,2.35,1
1979,Washington,4012909.0,2.3,1
1979,West Virginia,1939112.0,2.2,0
1979,Wisconsin,4665965.0,2.8,0
1979,Wyoming,451894.0,1.6,0
1980,Alabama,3899671.0,0.0,0
1980,Alaska,404680.0,3.6,1
1980,Arizona,2735840.0,0.0,0
1980,Arkansas,2288809.0,2.55,0
1980,California,23792840.0,2.9,1
1980,Colorado,2909545.0,1.9,0
1980,Connecticut,3114221.0,3.12,1
1980,Delaware,594936.0,2.0,1
1980,District of Columbia,637161.0,3.5,0
1980,Florida,9841159.0,0.0,1
1980,Georgia,5484427.0,1.25,1
1980,Hawaii,961525.0,2.9,1
1980,Idaho,948582.0,2.3,0
1980,Illinois,11435454.0,2.3,0
1980,Indiana,5492740.0,2.0,0
1980,Iowa,2915562.0,0.0,0
1980,Kansas,2370088.0,1.6,0
1980,Kentucky,3665364.0,2.15,0
1980,Louisiana,4221583.0,0.0,0
1980,Maine,1127825.0,3.1,1
1980,Maryland,4226191.0,3.1,1
1980,Massachusetts,5748441.0,3.1,1
1980,Michigan,9256676.0,3.1,0
1980,Minnesota,4086746.0,2.9,0
1980,Mississippi,2524011.0,0.0,0
1980,Missouri,4923025.0,0.0,0
1980,Montana,788754.0,2.0,0
1980,Nebraska,1572854.0,1.6,0
1980,Nevada,810232.0,2.75,0
1980,New Hampshire,924802.0,3.1,1
1980,New Jersey,7376972.0,3.1,1
1980,New Mexico,1309108.0,2.65,0
1980,New York,17566376.0,3.1,1
1980,North Carolina,5896178.0,2.75,1
1980,North Dakota,654501.0,3.1,0
1980,Ohio,10803551.0,2.3,0
1980,Oklahoma,3040067.0,2.0,0
1980,Oregon,2642128.0,2.9,1
1980,Pennsylvania,11872347.0,3.1,0
1980,Rhode Island,949207.0,2.65,1
1980,South Carolina,3132387.0,0.0,1
1980,South Dakota,690713.0,2.3,0
1980,Tennessee,4600705.0,0.0,0
1980,Texas,14337755.0,1.4,0
1980,Utah,1473171.0,2.6,0
1980,Vermont,512824.0,3.1,0
1980,Virginia,5367648.0,2.35,1
1980,Washington,4155198.0,2.3,1
1980,West Virginia,1952874.0,2.2,0
1980,Wisconsin,4713991.0,3.0,0
1980,Wyoming,474381.0,1.6,0
1981,Alabama,3918526.0,0.0,0
1981,Alaska,418519.0,3.85,1
1981,Arizona,2810110.0,0.0,0
1981,Arkansas,2293196.0,2.7,0
1981,California,24285898.0,3.35,1
1981,Colorado,2977917.0,1.9,0
1981,Connecticut,3128849.0,3.37,1
1981,Delaware,595974.0,2.0,1
1981,District of Columbia,636891.0,3.75,0
1981,Florida,10192814.0,0.0,1
1981,Georgia,5568420.0,1.25,1
1981,Hawaii,978201.0,3.1,1
1981,Idaho,962244.0,2.3,0
1981,Illinois,11443511.0,2.3,0
1981,Indiana,5480482.0,2.0,0
1981,Iowa,2908003.0,0.0,0
1981,Kansas,2384813.0,1.6,0
1981,Kentucky,3670396.0,2.15,0
1981,Louisiana,4283312.0,0.0,0
1981,Maine,1133039.0,3.35,1
1981,Maryland,4261930.0,3.35,1
1981,Massachusetts,5768702.0,3.35,1
1981,Michigan,9209352.0,3.35,0
1981,Minnesota,4111752.0,3.1,0
1981,Mississippi,2539038.0,0.0,0
1981,Missouri,4932103.0,0.0,0
1981,Montana,795330.0,2.0,0
1981,Nebraska,1578481.0,1.6,0
1981,Nevada,847644.0,2.75,0
1981,New Hampshire,936630.0,3.35,1
1981,New Jersey,7407508.0,3.35,1
1981,New Mexico,1332768.0,2.9,0
1981,New York,17567730.0,3.35,1
1981,North Carolina,5956718.0,2.9,1
1981,North Dakota,659494.0,3.1,0
1981,Ohio,10788342.0,2.3,0
1981,Oklahoma,3096133.0,3.1,0
1981,Oregon,2667999.0,3.1,1
1981,Pennsylvania,11858669.0,3.35,0
1981,Rhode Island,953015.0,2.9,1
1981,South Carolina,3179269.0,0.0,1
1981,South Dakota,689582.0,2.3,0
1981,Tennessee,4627668.0,0.0,0
1981,Texas,14746340.0,1.4,0
1981,Utah,1515483.0,2.75,0
1981,Vermont,515588.0,3.35,0
1981,Virginia,5444155.0,2.65,1
1981,Washington,4235733.0,2.3,1
1981,West Virginia,1954105.0,2.75,0
1981,Wisconsin,4726315.0,3.25,0
1981,Wyoming,491700.0,1.6,0
1982,Alabama,3925328.0,0.0,0
1982,Alaska,449608.0,3.85,1
1982,Arizona,2889877.0,0.0,0
1982,Arkansas,2294297.0,2.7,0
1982,California,24820025.0,3.35,1
1982,Colorado,3061599.0,1.9,0
1982,Connecticut,3139008.0,3.37,1
1982,Delaware,599149.0,2.0,1
1982,District of Columbia,634174.0,3.75,0
1982,Florida,10471438.0,0.0,1
1982,Georgia,5649788.0,1.25,1
1982,Hawaii,993775.0,3.1,1
1982,Idaho,973714.0,2.3,0
1982,Illinois,11423449.0,2.3,0
1982,Indiana,5467946.0,2.0,0
1982,Iowa,2888209.0,0.0,0
1982,Kansas,2401220.0,1.6,0
1982,Kentucky,3683427.0,2.15,0
1982,Louisiana,4352625.0,0.0,0
1982,Maine,1136698.0,3.35,1
1982,Maryland,4282946.0,3.35,1
1982,Massachusetts,5771203.0,3.35,1
1982,Michigan,9115204.0,3.35,0
1982,Minnesota,4131469.0,3.1,0
1982,Mississippi,2556810.0,0.0,0
1982,Missouri,4929471.0,0.0,0
1982,Montana,803966.0,2.0,0
1982,Nebraska,1581747.0,1.6,0
1982,Nevada,881550.0,2.75,0
1982,New Hampshire,947716.0,3.35,1
1982,New Jersey,7431031.0,3.35,1
1982,New Mexico,1363854.0,2.9,0
1982,New York,17589772.0,3.35,1
1982,North Carolina,6019166.0,2.9,1
1982,North Dakota,668960.0,3.1,0
1982,Ohio,10757118.0,2.3,0
1982,Oklahoma,3206103.0,3.1,0
1982,Oregon,2664930.0,3.1,1
1982,Pennsylvania,11845214.0,3.35,0
1982,Rhode Island,954178.0,2.9,1
1982,South Carolina,3207614.0,0.0,1
1982,South Dakota,690586.0,2.3,0
1982,Tennessee,4646050.0,0.0,0
1982,Texas,15331379.0,1.4,0
1982,Utah,1558322.0,2.75,0
1982,Vermont,519113.0,3.35,0
1982,Virginia,5492848.0,2.65,1
1982,Washington,4276533.0,2.3,1
1982,West Virginia,1949642.0,2.75,0
1982,Wisconsin,4728879.0,3.25,0
1982,Wyoming,506378.0,1.6,0
1983,Alabama,3934100.0,0.0,0
1983,Alaska,488423.0,3.85,1
1983,Arizona,2968912.0,0.0,0
1983,Arkansas,2305796.0,2.7,0
1983,California,25360028.0,3.35,1
1983,Colorado,3133614.0,1.9,0
1983,Connecticut,3162366.0,3.37,1
1983,Delaware,605455.0,2.0,1
1983,District of Columbia,632433.0,3.75,0
1983,Florida,10749908.0,0.0,1
1983,Georgia,5728301.0,1.25,1
1983,Hawaii,1012718.0,3.1,1
1983,Idaho,981895.0,2.3,0
1983,Illinois,11408779.0,2.3,0
1983,Indiana,5450407.0,2.0,0
1983,Iowa,2870580.0,0.0,0
1983,Kansas,2415565.0,1.6,0
1983,Kentucky,3694465.0,2.15,0
1983,Louisiana,4395334.0,0.0,0
1983,Maine,1144777.0,3.35,1
1983,Maryland,4313319.0,3.35,1
1983,Massachusetts,5799434.0,3.35,1
1983,Michigan,9047772.0,3.35,0
1983,Minnesota,4141479.0,3.1,0
1983,Mississippi,2567731.0,0.0,0
1983,Missouri,4943767.0,0.0,0
1983,Montana,814009.0,2.0,0
1983,Nebraska,1584296.0,1.6,0
1983,Nevada,901987.0,2.75,0
1983,New Hampshire,958127.0,3.35,1
1983,New Jersey,7467818.0,3.35,1
1983,New Mexico,1394380.0,2.9,0
1983,New York,17686905.0,3.35,1
1983,North Carolina,6077149.0,2.9,1
1983,North Dakota,676664.0,3.1,0
1983,Ohio,10737664.0,2.3,0
1983,Oklahoma,3290412.0,3.1,0
1983,Oregon,2653095.0,3.1,1
1983,Pennsylvania,11837787.0,3.35,0
1983,Rhode Island,956378.0,2.9,1
1983,South Carolina,3234093.0,0.0,1
1983,South Dakota,693017.0,2.3,0
1983,Tennessee,4659799.0,0.0,0
1983,Texas,15751679.0,1.4,0
1983,Utah,1594953.0,2.75,0
1983,Vermont,523310.0,3.35,0
1983,Virginia,5564676.0,2.65,1
1983,Washington,4300267.0,2.3,1
1983,West Virginia,1945096.0,2.75,0
1983,Wisconsin,4721428.0,3.25,0
1983,Wyoming,510350.0,1.6,0
1984,Alabama,3951766.0,0.0,0
1984,Alaska,513697.0,3.85,1
1984,Arizona,3067125.0,0.0,0
1984,Arkansas,2319782.0,2.7,0
1984,California,25844380.0,3.35,1
1984,Colorado,3170024.0,1.9,0
1984,Connecticut,3180017.0,3.37,1
1984,Delaware,611567.0,2.0,1
1984,District of Columbia,633385.0,3.75,0
1984,Florida,11039982.0,0.0,1
1984,Georgia,5835018.0,1.25,1
1984,Hawaii,1027923.0,3.1,1
1984,Idaho,990811.0,2.3,0
1984,Illinois,11412194.0,2.3,0
1984,Indiana,5458334.0,2.0,0
1984,Iowa,2858631.0,0.0,0
1984,Kansas,2424119.0,1.6,0
1984,Kentucky,3695426.0,2.15,0
1984,Louisiana,4400521.0,0.0,0
1984,Maine,1155646.0,3.35,1
1984,Maryland,4365282.0,3.35,1
1984,Massachusetts,5840782.0,3.35,1
1984,Michigan,9049453.0,3.35,0
1984,Minnesota,4157708.0,3.1,0
1984,Mississippi,2578030.0,0.0,0
1984,Missouri,4975276.0,0.0,0
1984,Montana,820868.0,2.0,0
1984,Nebraska,1588598.0,1.6,0
1984,Nevada,924917.0,2.75,0
1984,New Hampshire,976879.0,3.35,1
1984,New Jersey,7515486.0,3.35,1
1984,New Mexico,1416763.0,2.9,0
1984,New York,17745710.0,3.35,1
1984,North Carolina,6164036.0,2.9,1
1984,North Dakota,680484.0,3.1,0
1984,Ohio,10737767.0,2.3,0
1984,Oklahoma,3285581.0,3.1,0
1984,Oregon,2666598.0,3.1,1
1984,Pennsylvania,11815214.0,3.35,0
1984,Rhode Island,961898.0,2.9,1
1984,South Carolina,3271923.0,0.0,1
1984,South Dakota,697207.0,2.3,0
1984,Tennessee,4686803.0,0.0,0
1984,Texas,16007171.0,1.4,0
1984,Utah,1622339.0,2.75,0
1984,Vermont,526662.0,3.35,0
1984,Virginia,5643937.0,2.65,1
1984,Washington,4343670.0,2.3,1
1984,West Virginia,1927675.0,2.75,0
1984,Wisconsin,4735588.0,3.25,0
1984,Wyoming,504891.0,1.6,0
1985,Alabama,3972539.0,0.0,0
1985,Alaska,532503.0,3.85,1
1985,Arizona,3183536.0,0.0,0
1985,Arkansas,2327069.0,2.7,0
1985,California,26441100.0,3.35,1
1985,Colorado,3208691.0,1.9,0
1985,Connecticut,3201120.0,3.37,1
1985,Delaware,618287.0,2.0,1
1985,District of Columbia,634545.0,3.75,0
1985,Florida,11351091.0,0.0,1
1985,Georgia,5962708.0,1.25,1
1985,Hawaii,1039689.0,3.1,1
1985,Idaho,994050.0,2.3,0
1985,Illinois,11399816.0,2.3,0
1985,Indiana,5459201.0,2.0,0
1985,Iowa,2829691.0,0.0,0
1985,Kansas,2427428.0,1.6,0
1985,Kentucky,3694833.0,2.15,0
1985,Louisiana,4408128.0,0.0,0
1985,Maine,1162942.0,3.35,1
1985,Maryland,4413118.0,3.35,1
1985,Massachusetts,5880748.0,3.35,1
1985,Michigan,9076282.0,3.35,0
1985,Minnesota,4184290.0,3.1,0
1985,Mississippi,2588120.0,0.0,0
1985,Missouri,5000286.0,0.0,0
1985,Montana,822326.0,2.0,0
1985,Nebraska,1584659.0,1.6,0
1985,Nevada,951040.0,2.75,0
1985,New Hampshire,996760.0,3.35,1
1985,New Jersey,7565511.0,3.35,1
1985,New Mexico,1438385.0,2.9,0
1985,New York,17791750.0,3.35,1
1985,North Carolina,6253991.0,2.9,1
1985,North Dakota,676978.0,3.1,0
1985,Ohio,10734943.0,2.3,0
1985,Oklahoma,3271395.0,3.1,0
1985,Oregon,2672681.0,3.1,1
1985,Pennsylvania,11770908.0,3.35,0
1985,Rhode Island,968958.0,2.9,1
1985,South Carolina,3303250.0,0.0,1
1985,South Dakota,698404.0,2.3,0
1985,Tennessee,4715288.0,0.0,0
1985,Texas,16272777.0,1.4,0
1985,Utah,1642906.0,2.75,0
1985,Vermont,530031.0,3.35,0
1985,Virginia,5715198.0,2.65,1
1985,Washington,4400084.0,2.3,1
1985,West Virginia,1906823.0,2.75,0
1985,Wisconsin,4747766.0,3.25,0
1985,Wyoming,499688.0,1.6,0
1986,Alabama,3991552.0,0.0,0
1986,Alaska,544270.0,3.85,1
1986,Arizona,3308269.0,0.0,0
1986,Arkansas,2331988.0,2.7,0
1986,California,27102241.0,3.35,1
1986,Colorado,3237457.0,1.9,0
1986,Connecticut,3223744.0,3.37,1
1986,Delaware,627545.0,2.0,1
1986,District of Columbia,638280.0,3.75,0
1986,Florida,11667511.0,0.0,1
1986,Georgia,6084739.0,1.25,1
1986,Hawaii,1051767.0,3.1,1
1986,Idaho,990259.0,2.3,0
1986,Illinois,11387247.0,2.3,0
1986,Indiana,5454137.0,2.0,0
1986,Iowa,2791923.0,0.0,0
1986,Kansas,2432638.0,1.6,0
1986,Kentucky,3687821.0,2.15,0
1986,Louisiana,4406953.0,0.0,0
1986,Maine,1170120.0,3.35,1
1986,Maryland,4487008.0,3.35,1
1986,Massachusetts,5902658.0,3.35,1
1986,Michigan,9127778.0,3.35,0
1986,Minnesota,4205257.0,3.1,0
1986,Mississippi,2593609.0,0.0,0
1986,Missouri,5023077.0,0.0,0
1986,Montana,813770.0,2.0,0
1986,Nebraska,1574301.0,1.6,0
1986,Nevada,980635.0,2.75,0
1986,New Hampshire,1025069.0,3.35,1
1986,New Jersey,7622189.0,3.35,1
1986,New Mexico,1462762.0,2.9,0
1986,New York,17833489.0,3.35,1
1986,North Carolina,6321646.0,2.9,1
1986,North Dakota,669520.0,3.1,0
1986,Ohio,10730284.0,2.3,0
1986,Oklahoma,3252756.0,3.1,0
1986,Oregon,2683537.0,3.1,1
1986,Pennsylvania,11782786.0,3.35,0
1986,Rhode Island,977341.0,2.9,1
1986,South Carolina,3342740.0,0.0,1
1986,South Dakota,696014.0,2.3,0
1986,Tennessee,4738700.0,0.0,0
1986,Texas,16561153.0,1.4,0
1986,Utah,1662830.0,2.75,0
1986,Vermont,534065.0,3.35,0
1986,Virginia,5811695.0,2.65,1
1986,Washington,4452726.0,2.3,1
1986,West Virginia,1882351.0,2.75,0
1986,Wisconsin,4755646.0,3.25,0
1986,Wyoming,495619.0,1.6,0
1987,Alabama,4015266.0,0.0,0
1987,Alaska,539324.0,3.85,1
1987,Arizona,3437097.0,0.0,0
1987,Arkansas,2342405.0,2.7,0
1987,California,27777121.0,3.35,1
1987,Colorado,3260504.0,1.9,0
1987,Connecticut,3247304.0,3.37,1
1987,Delaware,636950.0,2.0,1
1987,District of Columbia,636931.0,3.75,0
1987,Florida,11997293.0,0.0,1
1987,Georgia,6208502.0,1.25,1
1987,Hawaii,1067914.0,3.1,1
1987,Idaho,985010.0,2.3,0
1987,Illinois,11391175.0,2.3,0
1987,Indiana,5473040.0,2.0,0
1987,Iowa,2767011.0,0.0,0
1987,Kansas,2445422.0,1.6,0
1987,Kentucky,3683341.0,2.15,0
1987,Louisiana,4344222.0,0.0,0
1987,Maine,1184588.0,3.35,1
1987,Maryland,4565574.0,3.35,1
1987,Massachusetts,5935207.0,3.35,1
1987,Michigan,9187469.0,3.35,0
1987,Minnesota,4235173.0,3.1,0
1987,Mississippi,2588571.0,0.0,0
1987,Missouri,5056727.0,0.0,0
1987,Montana,805084.0,2.0,0
1987,Nebraska,1566549.0,1.6,0
1987,Nevada,1023357.0,2.75,0
1987,New Hampshire,1054291.0,3.35,1
1987,New Jersey,7670784.0,3.35,1
1987,New Mexico,1478507.0,2.9,0
1987,New York,17868881.0,3.35,1
1987,North Carolina,6403731.0,2.9,1
1987,North Dakota,661140.0,3.1,0
1987,Ohio,10760062.0,2.3,0
1987,Oklahoma,3210172.0,3.1,0
1987,Oregon,2701015.0,3.1,1
1987,Pennsylvania,11810896.0,3.35,0
1987,Rhode Island,989597.0,2.9,1
1987,South Carolina,3380520.0,0.0,1
1987,South Dakota,696032.0,2.3,0
1987,Tennessee,4782935.0,0.0,0
1987,Texas,16621954.0,1.4,0
1987,Utah,1678126.0,2.75,0
1987,Vermont,540266.0,3.35,0
1987,Virginia,5932261.0,2.65,1
1987,Washington,4531896.0,2.3,1
1987,West Virginia,1857590.0,2.75,0
1987,Wisconsin,4777977.0,3.25,0
1987,Wyoming,476974.0,1.6,0
1988,Alabama,4023902.0,0.0,0
1988,Alaska,541999.0,3.85,1
1988,Arizona,3535200.0,0.0,0
1988,Arkansas,2342643.0,3.25,0
1988,California,28464230.0,3.35,1
1988,Colorado,3262279.0,3.0,0
1988,Connecticut,3271957.0,3.75,1
1988,Delaware,647621.0,3.35,1
1988,District of Columbia,630427.0,4.85,0
1988,Florida,12306421.0,0.0,1
1988,Georgia,6316185.0,3.25,1
1988,Hawaii,1079830.0,3.85,1
1988,Idaho,985680.0,2.3,0
1988,Illinois,11390222.0,2.3,0
1988,Indiana,5491729.0,2.0,0
1988,Iowa,2768370.0,0.0,0
1988,Kansas,2462057.0,1.6,0
1988,Kentucky,3679990.0,3.35,0
1988,Louisiana,4288939.0,0.0,0
1988,Maine,1203850.0,3.65,1
1988,Maryland,4657894.0,3.35,1
1988,Massachusetts,5979997.0,3.65,1
1988,Michigan,9218025.0,3.35,0
1988,Minnesota,4296162.0,3.5,0
1988,Mississippi,2580377.0,0.0,0
1988,Missouri,5081731.0,0.0,0
1988,Montana,800194.0,3.35,0
1988,Nebraska,1571465.0,3.35,0
1988,Nevada,1075033.0,3.35,0
1988,New Hampshire,1082583.0,3.55,1
1988,New Jersey,7712352.0,3.35,1
1988,New Mexico,1490356.0,3.35,0
1988,New York,17941357.0,3.35,1
1988,North Carolina,6480675.0,3.35,1
1988,North Dakota,655324.0,3.1,0
1988,Ohio,10798630.0,2.3,0
1988,Oklahoma,3167148.0,3.35,0
1988,Oregon,2741316.0,3.35,1
1988,Pennsylvania,11845774.0,3.35,0
1988,Rhode Island,996406.0,3.65,1
1988,South Carolina,3412102.0,0.0,1
1988,South Dakota,698144.0,2.8,0
1988,Tennessee,4822432.0,0.0,0
1988,Texas,16667146.0,3.35,0
1988,Utah,1689374.0,2.75,0
1988,Vermont,549758.0,3.55,0
1988,Virginia,6036907.0,2.65,1
1988,Washington,4639911.0,2.3,1
1988,West Virginia,1830227.0,3.35,0
1988,Wisconsin,4822365.0,3.35,0
1988,Wyoming,465080.0,1.6,0
1989,Alabama,4030239.0,0.0,0
1989,Alaska,547170.0,3.85,1
1989,Arizona,3622180.0,0.0,0
1989,Arkansas,2346375.0,3.25,0
1989,California,29218163.0,3.35,1
1989,Colorado,3275826.0,3.0,0
1989,Connecticut,3283420.0,3.75,1
1989,Delaware,658279.0,3.35,1
1989,District of Columbia,624160.0,4.85,0
1989,Florida,12637697.0,0.0,1
1989,Georgia,6411121.0,3.25,1
1989,Hawaii,1094587.0,3.85,1
1989,Idaho,994396.0,2.3,0
1989,Illinois,11409801.0,2.3,0
1989,Indiana,5523668.0,2.0,0
1989,Iowa,2770581.0,0.0,0
1989,Kansas,2472864.0,1.6,0
1989,Kentucky,3677287.0,3.35,0
1989,Louisiana,4252958.0,0.0,0
1989,Maine,1219968.0,3.65,1
1989,Maryland,4727303.0,3.35,1
1989,Massachusetts,6015492.0,3.65,1
1989,Michigan,9253339.0,3.35,0
1989,Minnesota,4338036.0,3.5,0
1989,Mississippi,2574306.0,0.0,0
1989,Missouri,5095833.0,0.0,0
1989,Montana,799657.0,3.35,0
1989,Nebraska,1574848.0,3.35,0
1989,Nevada,1137391.0,3.35,0
1989,New Hampshire,1104519.0,3.55,1
1989,New Jersey,7726114.0,3.35,1
1989,New Mexico,1503936.0,3.35,0
1989,New York,17983082.0,3.35,1
1989,North Carolina,6565546.0,3.35,1
1989,North Dakota,646359.0,3.1,0
1989,Ohio,10829255.0,2.3,0
1989,Oklahoma,3150372.0,3.35,0
1989,Oregon,2790579.0,3.35,1
1989,Pennsylvania,11866027.0,3.35,0
1989,Rhode Island,1000670.0,3.65,1
1989,South Carolina,3456772.0,0.0,1
1989,South Dakota,696787.0,2.8,0
1989,Tennessee,4854463.0,0.0,0
1989,Texas,16806831.0,3.35,0
1989,Utah,1705886.0,2.75,0
1989,Vermont,557715.0,3.55,0
1989,Virginia,6120244.0,2.65,1
1989,Washington,4746314.0,2.3,1
1989,West Virginia,1806569.0,3.35,0
1989,Wisconsin,4856478.0,3.35,0
1989,Wyoming,458376.0,1.6,0
1990,Alabama,4050055.0,0.0,0
1990,Alaska,553290.0,3.85,1
1990,Arizona,3684097.0,0.0,0
1990,Arkansas,2356586.0,3.25,0
1990,California,29959515.0,3.35,1
1990,Colorado,3307618.0,3.0,0
1990,Connecticut,3291967.0,3.75,1
1990,Delaware,669567.0,3.35,1
1990,District of Columbia,605321.0,4.85,0
1990,Florida,13033307.0,0.0,1
1990,Georgia,6512602.0,3.25,1
1990,Hawaii,1113491.0,3.85,1
1990,Idaho,1012384.0,2.3,0
1990,Illinois,11453316.0,2.3,0
1990,Indiana,5557798.0,2.0,0
1990,Iowa,2781018.0,0.0,0
1990,Kansas,2481349.0,1.6,0
1990,Kentucky,3694048.0,3.35,0
1990,Louisiana,4221532.0,0.0,0
1990,Maine,1231719.0,3.65,1
1990,Maryland,4799770.0,3.35,1
1990,Massachusetts,6022639.0,3.65,1
1990,Michigan,9311319.0,3.35,0
1990,Minnesota,4389857.0,3.5,0
1990,Mississippi,2578897.0,0.0,0
1990,Missouri,5128880.0,0.0,0
1990,Montana,800204.0,3.35,0
1990,Nebraska,1581660.0,3.35,0
1990,Nevada,1220695.0,3.35,0
1990,New Hampshire,1112384.0,3.55,1
1990,New Jersey,7762963.0,3.35,1
1990,New Mexico,1521574.0,3.35,0
1990,New York,18020784.0,3.35,1
1990,North Carolina,6664016.0,3.35,1
1990,North Dakota,637685.0,3.1,0
1990,Ohio,10864162.0,2.3,0
1990,Oklahoma,3148825.0,3.35,0
1990,Oregon,2860375.0,3.35,1
1990,Pennsylvania,11903299.0,3.35,0
1990,Rhode Island,1005995.0,3.65,1
1990,South Carolina,3501155.0,0.0,1
1990,South Dakota,697101.0,2.8,0
1990,Tennessee,4894492.0,0.0,0
1990,Texas,17056755.0,3.35,0
1990,Utah,1731223.0,2.75,0
1990,Vermont,564798.0,3.55,0
1990,Virginia,6216884.0,2.65,1
1990,Washington,4903043.0,2.3,1
1990,West Virginia,1792548.0,3.35,0
1990,Wisconsin,4904562.0,3.35,0
1990,Wyoming,453690.0,1.6,0
1991,Alabama,4099156.0,0.0,0
1991,Alaska,570193.0,4.3,1
1991,Arizona,3788576.0,0.0,0
1991,Arkansas,2383144.0,3.35,0
1991,California,30470736.0,4.25,1
1991,Colorado,3387119.0,3.0,0
1991,Connecticut,3302895.0,4.25,1
1991,Delaware,683080.0,3.8,1
1991,District of Columbia,600870.0,4.85,0
1991,Florida,13369798.0,0.0,1
1991,Georgia,6653005.0,3.25,1
1991,Hawaii,1136754.0,3.85,1
1991,Idaho,1041316.0,3.8,0
1991,Illinois,11568964.0,3.8,0
1991,Indiana,5616388.0,3.35,0
1991,Iowa,2797613.0,4.25,0
1991,Kansas,2498722.0,2.65,0
1991,Kentucky,3722328.0,3.8,0
1991,Louisiana,4253279.0,0.0,0
1991,Maine,1237081.0,3.85,1
1991,Maryland,4867641.0,3.8,1
1991,Massachusetts,6018470.0,3.75,1
1991,Michigan,9400446.0,3.35,0
1991,Minnesota,4440859.0,4.25,0
1991,Mississippi,2598733.0,0.0,0
1991,Missouri,5170800.0,3.8,0
1991,Montana,809680.0,3.8,0
1991,Nebraska,1595919.0,3.35,0
1991,Nevada,1296171.0,3.8,0
1991,New Hampshire,1109929.0,3.85,1
1991,New Jersey,7814676.0,3.8,1
1991,New Mexico,1555305.0,3.35,0
1991,New York,18122510.0,3.8,1
1991,North Carolina,6784280.0,3.35,1
1991,North Dakota,635753.0,3.4,0
1991,Ohio,10945762.0,3.8,0
1991,Oklahoma,3175440.0,3.8,0
1991,Oregon,2928507.0,4.75,1
1991,Pennsylvania,11982164.0,3.8,0
1991,Rhode Island,1010649.0,4.25,1
1991,South Carolina,3570404.0,0.0,1
1991,South Dakota,703669.0,3.8,0
1991,Tennessee,4966587.0,0.0,0
1991,Texas,17398005.0,3.35,0
1991,Utah,1779780.0,3.8,0
1991,Vermont,568606.0,3.85,0
1991,Virginia,6301217.0,2.65,1
1991,Washington,5025624.0,4.25,1
1991,West Virginia,1798735.0,3.35,0
1991,Wisconsin,4964343.0,3.8,0
1991,Wyoming,459260.0,1.6,0
1992,Alabama,4154014.0,0.0,0
1992,Alaska,588736.0,4.75,1
1992,Arizona,3915740.0,0.0,0
1992,Arkansas,2415984.0,3.65,0
1992,California,30974659.0,4.25,1
1992,Colorado,3495939.0,3.0,0
1992,Connecticut,3300712.0,4.27,1
1992,Delaware,694925.0,4.25,1
1992,District of Columbia,597565.0,5.45,0
1992,Florida,13650553.0,0.0,1
1992,Georgia,6817203.0,3.25,1
1992,Hawaii,1158613.0,3.85,1
1992,Idaho,1071685.0,4.25,0
1992,Illinois,11694184.0,4.25,0
1992,Indiana,5674547.0,3.35,0
1992,Iowa,2818401.0,4.65,0
1992,Kansas,2532394.0,2.65,0
1992,Kentucky,3765469.0,4.25,0
1992,Louisiana,4293003.0,0.0,0
1992,Maine,1238508.0,4.25,1
1992,Maryland,4923368.0,4.25,1
1992,Massachusetts,6028709.0,4.25,1
1992,Michigan,9479065.0,3.35,0
1992,Minnesota,4495572.0,4.25,0
1992,Mississippi,2623734.0,0.0,0
1992,Missouri,5217101.0,4.25,0
1992,Montana,825770.0,4.25,0
1992,Nebraska,1611687.0,4.25,0
1992,Nevada,1351367.0,4.25,0
1992,New Hampshire,1117784.0,4.25,1
1992,New Jersey,7880508.0,4.25,1
1992,New Mexico,1595442.0,3.35,0
1992,New York,18246653.0,4.25,1
1992,North Carolina,6897214.0,3.8,1
1992,North Dakota,638223.0,4.25,0
1992,Ohio,11029431.0,4.25,0
1992,Oklahoma,3220517.0,4.25,0
1992,Oregon,2991755.0,4.75,1
1992,Pennsylvania,12049450.0,4.25,0
1992,Rhode Island,1012581.0,4.45,1
1992,South Carolina,3620464.0,0.0,1
1992,South Dakota,712801.0,4.25,0
1992,Tennessee,5049742.0,0.0,0
1992,Texas,17759738.0,3.35,0
1992,Utah,1836799.0,4.25,0
1992,Vermont,572751.0,4.25,0
1992,Virginia,6414307.0,3.65,1
1992,Washington,5160757.0,4.25,1
1992,West Virginia,1806451.0,3.8,0
1992,Wisconsin,5025398.0,3.8,0
1992,Wyoming,466251.0,1.6,0
1993,Alabama,4214202.0,0.0,0
1993,Alaska,599432.0,4.75,1
1993,Arizona,4065440.0,0.0,0
1993,Arkansas,2456303.0,3.65,0
1993,California,31274928.0,4.25,1
1993,Colorado,3613734.0,3.0,0
1993,Connecticut,3309175.0,4.27,1
1993,Delaware,706378.0,4.25,1
1993,District of Columbia,595301.0,5.45,0
1993,Florida,13927185.0,0.0,1
1993,Georgia,6978240.0,3.25,1
1993,Hawaii,1172838.0,3.85,1
1993,Idaho,1108768.0,4.25,0
1993,Illinois,11809579.0,4.25,0
1993,Indiana,5739019.0,3.35,0
1993,Iowa,2836972.0,4.65,0
1993,Kansas,2556547.0,2.65,0
1993,Kentucky,3812206.0,4.25,0
1993,Louisiana,4316428.0,0.0,0
1993,Maine,1242302.0,4.25,1
1993,Maryland,4971889.0,4.25,1
1993,Massachusetts,6060569.0,4.25,1
1993,Michigan,9540114.0,3.35,0
1993,Minnesota,4555954.0,4.25,0
1993,Mississippi,2655100.0,0.0,0
1993,Missouri,5271175.0,4.25,0
1993,Montana,844761.0,4.25,0
1993,Nebraska,1625590.0,4.25,0
1993,Nevada,1411215.0,4.25,0
1993,New Hampshire,1129458.0,4.25,1
1993,New Jersey,7948915.0,4.25,1
1993,New Mexico,1636453.0,3.35,0
1993,New York,18374954.0,4.25,1
1993,North Carolina,7042818.0,3.8,1
1993,North Dakota,641216.0,4.25,0
1993,Ohio,11101140.0,4.25,0
1993,Oklahoma,3252285.0,4.25,0
1993,Oregon,3060367.0,4.75,1
1993,Pennsylvania,12119724.0,4.25,0
1993,Rhode Island,1015112.0,4.45,1
1993,South Carolina,3663314.0,0.0,1
1993,South Dakota,722159.0,4.25,0
1993,Tennessee,5137584.0,0.0,0
1993,Texas,18161612.0,3.35,0
1993,Utah,1898404.0,4.25,0
1993,Vermont,577748.0,4.25,0
1993,Virginia,6509630.0,3.65,1
1993,Washington,5278842.0,4.25,1
1993,West Virginia,1817539.0,3.8,0
1993,Wisconsin,5084889.0,3.8,0
1993,Wyoming,473081.0,1.6,0
1994,Alabama,4260229.0,0.0,0
1994,Alaska,603308.0,4.75,1
1994,Arizona,4245089.0,0.0,0
1994,Arkansas,2494019.0,4.25,0
1994,California,31484435.0,4.25,1
1994,Colorado,3724168.0,3.0,0
1994,Connecticut,3316121.0,4.27,1
1994,Delaware,717545.0,4.25,1
1994,District of Columbia,589239.0,4.25,0
1994,Florida,14239444.0,0.0,1
1994,Georgia,7157165.0,3.25,1
1994,Hawaii,1187536.0,5.25,1
1994,Idaho,1145140.0,4.25,0
1994,Illinois,11912585.0,4.25,0
1994,Indiana,5793526.0,3.35,0
1994,Iowa,2850746.0,4.65,0
1994,Kansas,2580513.0,2.65,0
1994,Kentucky,3849088.0,4.25,0
1994,Louisiana,4347481.0,0.0,0
1994,Maine,1242662.0,4.25,1
1994,Maryland,5023060.0,4.25,1
1994,Massachusetts,6095241.0,4.25,1
1994,Michigan,9597737.0,3.35,0
1994,Minnesota,4610355.0,4.25,0
1994,Mississippi,2688992.0,0.0,0
1994,Missouri,5324497.0,4.25,0
1994,Montana,861306.0,4.25,0
1994,Nebraska,1639041.0,4.25,0
1994,Nevada,1499298.0,4.25,0
1994,New Hampshire,1142560.0,4.25,1
1994,New Jersey,8014306.0,5.05,1
1994,New Mexico,1682398.0,4.25,0
1994,New York,18459470.0,4.25,1
1994,North Carolina,7187398.0,4.25,1
1994,North Dakota,644804.0,4.25,0
1994,Ohio,11152454.0,4.25,0
1994,Oklahoma,3280940.0,4.25,0
1994,Oregon,3121264.0,4.75,1
1994,Pennsylvania,12166050.0,4.25,0
1994,Rhode Island,1015960.0,4.45,1
1994,South Carolina,3705397.0,0.0,1
1994,South Dakota,730790.0,4.25,0
1994,Tennessee,5231438.0,0.0,0
1994,Texas,18564062.0,3.35,0
1994,Utah,1960446.0,4.25,0
1994,Vermont,583836.0,4.25,0
1994,Virginia,6593139.0,4.25,1
1994,Washington,5375161.0,4.25,1
1994,West Virginia,1820421.0,4.25,0
1994,Wisconsin,5133678.0,4.25,0
1994,Wyoming,480283.0,1.6,0
1995,Alabama,4296800.0,0.0,0
1995,Alaska,604412.0,4.75,1
1995,Arizona,4432499.0,0.0,0
1995,Arkansas,2535399.0,4.25,0
1995,California,31696582.0,4.25,1
1995,Colorado,3826653.0,3.0,0
1995,Connecticut,3324144.0,4.27,1
1995,Delaware,729734.0,4.25,1
1995,District of Columbia,580517.0,4.25,0
1995,Florida,14537875.0,0.0,1
1995,Georgia,7328413.0,3.25,1
1995,Hawaii,1196854.0,5.25,1
1995,Idaho,1177322.0,4.25,0
1995,Illinois,12008437.0,4.25,0
1995,Indiana,5851459.0,3.35,0
1995,Iowa,2867373.0,4.65,0
1995,Kansas,2601007.0,2.65,0
1995,Kentucky,3887427.0,4.25,0
1995,Louisiana,4378779.0,0.0,0
1995,Maine,1243480.0,4.25,1
1995,Maryland,5070033.0,4.25,1
1995,Massachusetts,6141445.0,4.25,1
1995,Michigan,9676211.0,3.35,0
1995,Minnesota,4660180.0,4.25,0
1995,Mississippi,2722659.0,0.0,0
1995,Missouri,5378247.0,4.25,0
1995,Montana,876553.0,4.25,0
1995,Nebraska,1656992.0,4.25,0
1995,Nevada,1581578.0,4.25,0
1995,New Hampshire,1157561.0,4.25,1
1995,New Jersey,8083242.0,5.05,1
1995,New Mexico,1720394.0,4.25,0
1995,New York,18524104.0,4.25,1
1995,North Carolina,7344674.0,4.25,1
1995,North Dakota,647832.0,4.25,0
1995,Ohio,11202751.0,4.25,0
1995,Oklahoma,3308208.0,4.25,0
1995,Oregon,3184369.0,4.75,1
1995,Pennsylvania,12198403.0,4.25,0
1995,Rhode Island,1017002.0,4.45,1
1995,South Carolina,3748582.0,0.0,1
1995,South Dakota,737925.0,4.25,0
1995,Tennessee,5326936.0,0.0,0
1995,Texas,18958751.0,3.35,0
1995,Utah,2014177.0,4.25,0
1995,Vermont,589002.0,4.25,0
1995,Virginia,6670693.0,4.25,1
1995,Washington,5481027.0,4.25,1
1995,West Virginia,1823700.0,4.25,0
1995,Wisconsin,5184836.0,4.25,0
1995,Wyoming,485160.0,1.6,0
1996,Alabama,4331102.0,0.0,0
1996,Alaska,608569.0,4.75,1
1996,Arizona,4586940.0,0.0,0
1996,Arkansas,2572109.0,4.25,0
1996,California,32018834.0,4.25,1
1996,Colorado,3919972.0,3.0,0
1996,Connecticut,3336685.0,4.27,1
1996,Delaware,740977.0,4.65,1
1996,District of Columbia,572377.0,5.25,0
1996,Florida,14853360.0,0.0,1
1996,Georgia,7501069.0,3.25,1
1996,Hawaii,1203755.0,5.25,1
1996,Idaho,1203083.0,4.25,0
1996,Illinois,12101997.0,4.25,0
1996,Indiana,5906013.0,3.35,0
1996,Iowa,2880000.0,4.65,0
1996,Kansas,2614554.0,2.65,0
1996,Kentucky,3919535.0,4.25,0
1996,Louisiana,4398877.0,0.0,0
1996,Maine,1249060.0,4.25,1
1996,Maryland,5111986.0,4.25,1
1996,Massachusetts,6179756.0,4.75,1
1996,Michigan,9758645.0,3.35,0
1996,Minnesota,4712827.0,4.25,0
1996,Mississippi,2748085.0,0.0,0
1996,Missouri,5431553.0,4.25,0
1996,Montana,886254.0,4.25,0
1996,Nebraska,1673740.0,4.25,0
1996,Nevada,1666320.0,4.25,0
1996,New Hampshire,1174719.0,4.25,1
1996,New Jersey,8149596.0,5.05,1
1996,New Mexico,1752326.0,4.25,0
1996,New York,18588460.0,4.25,1
1996,North Carolina,7500670.0,4.25,1
1996,North Dakota,650382.0,4.25,0
1996,Ohio,11242827.0,4.25,0
1996,Oklahoma,3340129.0,4.25,0
1996,Oregon,3247111.0,4.75,1
1996,Pennsylvania,12220464.0,4.25,0
1996,Rhode Island,1020893.0,4.45,1
1996,South Carolina,3796200.0,0.0,1
1996,South Dakota,742213.0,4.25,0
1996,Tennessee,5416643.0,0.0,0
1996,Texas,19340342.0,3.35,0
1996,Utah,2067976.0,4.25,0
1996,Vermont,593701.0,4.75,0
1996,Virginia,6750884.0,4.25,1
1996,Washington,5569753.0,4.9,1
1996,West Virginia,1822808.0,4.25,0
1996,Wisconsin,5229986.0,4.25,0
1996,Wyoming,488167.0,1.6,0
1997,Alabama,4367935.0,0.0,0
1997,Alaska,612968.0,5.25,1
1997,Arizona,4736990.0,0.0,0
1997,Arkansas,2601090.0,4.25,0
1997,California,32486010.0,4.75,1
1997,Colorado,4018293.0,4.75,0
1997,Connecticut,3349348.0,4.77,1
1997,Delaware,751487.0,5.0,1
1997,District of Columbia,567736.0,5.75,0
1997,Florida,15186304.0,0.0,1
1997,Georgia,7685099.0,3.25,1
1997,Hawaii,1211640.0,5.25,1
1997,Idaho,1228520.0,4.25,0
1997,Illinois,12185715.0,4.75,0
1997,Indiana,5955267.0,3.35,0
1997,Iowa,2891119.0,4.75,0
1997,Kansas,2635292.0,2.65,0
1997,Kentucky,3952747.0,4.25,0
1997,Louisiana,4421071.0,0.0,0
1997,Maine,1254774.0,4.75,1
1997,Maryland,5157328.0,4.75,1
1997,Massachusetts,6226058.0,5.25,1
1997,Michigan,9809051.0,3.35,0
1997,Minnesota,4763390.0,4.25,0
1997,Mississippi,2777004.0,0.0,0
1997,Missouri,5481193.0,4.75,0
1997,Montana,889865.0,4.75,0
1997,Nebraska,1686418.0,4.25,0
1997,Nevada,1764104.0,4.75,0
1997,New Hampshire,1189425.0,4.75,1
1997,New Jersey,8218808.0,5.05,1
1997,New Mexico,1774839.0,4.25,0
1997,New York,18656546.0,4.25,1
1997,North Carolina,7656825.0,4.25,1
1997,North Dakota,649716.0,4.75,0
1997,Ohio,11277357.0,4.25,0
1997,Oklahoma,3372917.0,4.75,0
1997,Oregon,3304310.0,5.5,1
1997,Pennsylvania,12227814.0,4.75,0
1997,Rhode Island,1025353.0,5.15,1
1997,South Carolina,3859696.0,0.0,1
1997,South Dakota,744223.0,4.25,0
1997,Tennessee,5499233.0,0.0,0
1997,Texas,19740317.0,3.35,0
1997,Utah,2119784.0,4.75,0
1997,Vermont,597239.0,5.0,0
1997,Virginia,6829183.0,4.75,1
1997,Washington,5674747.0,4.9,1
1997,West Virginia,1819113.0,4.25,0
1997,Wisconsin,5266213.0,4.75,0
1997,Wyoming,489451.0,1.6,0
1998,Alabama,4404701.0,0.0,0
1998,Alaska,619932.0,5.65,1
1998,Arizona,4883342.0,0.0,0
1998,Arkansas,2626289.0,5.15,0
1998,California,32987675.0,5.15,1
1998,Colorado,4116639.0,5.15,0
1998,Connecticut,3365352.0,5.18,1
1998,Delaware,763335.0,5.15,1
1998,District of Columbia,565230.0,6.15,0
1998,Florida,15486559.0,0.0,1
1998,Georgia,7863536.0,3.25,1
1998,Hawaii,1215233.0,5.25,1
1998,Idaho,1252330.0,5.15,0
1998,Illinois,12271847.0,5.15,0
1998,Indiana,5998880.0,3.35,0
1998,Iowa,2902872.0,5.15,0
1998,Kansas,2660598.0,2.65,0
1998,Kentucky,3985390.0,4.25,0
1998,Louisiana,4440344.0,0.0,0
1998,Maine,1259127.0,5.15,1
1998,Maryland,5204464.0,5.15,1
1998,Massachusetts,6271838.0,5.25,1
1998,Michigan,9847942.0,5.15,0
1998,Minnesota,4813412.0,5.15,0
1998,Mississippi,2804834.0,0.0,0
1998,Missouri,5521765.0,5.15,0
1998,Montana,892431.0,5.15,0
1998,Nebraska,1695816.0,5.15,0
1998,Nevada,1853191.0,5.15,0
1998,New Hampshire,1205940.0,5.15,1
1998,New Jersey,8287418.0,5.05,1
1998,New Mexico,1793484.0,4.25,0
1998,New York,18755906.0,4.25,1
1998,North Carolina,7809121.0,5.15,1
1998,North Dakota,647532.0,5.15,0
1998,Ohio,11311536.0,4.25,0
1998,Oklahoma,3405194.0,5.15,0
1998,Oregon,3352449.0,6.0,1
1998,Pennsylvania,12245672.0,5.15,0
1998,Rhode Island,1031155.0,5.15,1
1998,South Carolina,3919235.0,0.0,1
1998,South Dakota,746058.0,5.15,0
1998,Tennessee,5570045.0,0.0,0
1998,Texas,20157531.0,3.35,0
1998,Utah,2165960.0,5.15,0
1998,Vermont,600416.0,5.25,0
1998,Virginia,6900918.0,5.15,1
1998,Washington,5769562.0,4.9,1
1998,West Virginia,1815609.0,4.75,0
1998,Wisconsin,5297672.0,5.15,0
1998,Wyoming,490787.0,1.6,0
1999,Alabama,4430141.0,0.0,0
1999,Alaska,624779.0,5.65,1
1999,Arizona,5023823.0,0.0,0
1999,Arkansas,2651860.0,5.15,0
1999,California,33499204.0,5.15,1
1999,Colorado,4226018.0,5.15,0
1999,Connecticut,3386401.0,5.18,1
1999,Delaware,774990.0,5.15,1
1999,District of Columbia,570213.0,6.15,0
1999,Florida,15759421.0,0.0,1
1999,Georgia,8045965.0,3.25,1
1999,Hawaii,1210300.0,5.25,1
1999,Idaho,1275674.0,5.15,0
1999,Illinois,12359020.0,5.15,0
1999,Indiana,6044969.0,3.35,0
1999,Iowa,2917634.0,5.15,0
1999,Kansas,2678338.0,2.65,0
1999,Kentucky,4018053.0,4.25,0
1999,Louisiana,4460811.0,0.0,0
1999,Maine,1266808.0,5.15,1
1999,Maryland,5254509.0,5.15,1
1999,Massachusetts,6317345.0,5.25,1
1999,Michigan,9897116.0,5.15,0
1999,Minnesota,4873481.0,5.15,0
1999,Mississippi,2828408.0,0.0,0
1999,Missouri,5561948.0,5.15,0
1999,Montana,897507.0,5.15,0
1999,Nebraska,1704764.0,5.15,0
1999,Nevada,1934718.0,5.15,0
1999,New Hampshire,1222014.0,5.15,1
1999,New Jersey,8359592.0,5.05,1
1999,New Mexico,1808082.0,4.25,0
1999,New York,18882725.0,4.25,1
1999,North Carolina,7949361.0,5.15,1
1999,North Dakota,644259.0,5.15,0
1999,Ohio,11335454.0,4.25,0
1999,Oklahoma,3437147.0,5.15,0
1999,Oregon,3393941.0,6.0,1
1999,Pennsylvania,12263805.0,5.15,0
1999,Rhode Island,1040402.0,5.15,1
1999,South Carolina,3974682.0,0.0,1
1999,South Dakota,750412.0,5.15,0
1999,Tennessee,5638706.0,0.0,0
1999,Texas,20558220.0,3.35,0
1999,Utah,2203482.0,5.15,0
1999,Vermont,604683.0,5.25,0
1999,Virginia,7000174.0,5.15,1
1999,Washington,5842564.0,4.9,1
1999,West Virginia,1811799.0,4.75,0
1999,Wisconsin,5332666.0,5.15,0
1999,Wyoming,491780.0,1.6,0
2000,Alabama,4452173.0,0.0,0
2000,Alaska,627963.0,5.65,1
2000,Arizona,5160586.0,0.0,0
2000,Arkansas,2678588.0,5.15,0
2000,California,33987977.0,5.75,1
2000,Colorado,4326921.0,5.15,0
2000,Connecticut,3411777.0,6.15,1
2000,Delaware,786373.0,5.65,1
2000,District of Columbia,572046.0,6.15,0
2000,Florida,16047515.0,0.0,1
2000,Georgia,8227303.0,3.25,1
2000,Hawaii,1213519.0,5.25,1
2000,Idaho,1299430.0,5.15,0
2000,Illinois,12434161.0,5.15,0
2000,Indiana,6091866.0,5.15,0
2000,Iowa,2929067.0,5.15,0
2000,Kansas,2693681.0,2.65,0
2000,Kentucky,4049021.0,5.15,0
2000,Louisiana,4471885.0,0.0,0
2000,Maine,1277072.0,5.15,1
2000,Maryland,5311034.0,5.15,1
2000,Massachusetts,6361104.0,6.0,1
2000,Michigan,9952450.0,5.15,0
2000,Minnesota,4933692.0,5.15,0
2000,Mississippi,2848353.0,0.0,0
2000,Missouri,5607285.0,5.15,0
2000,Montana,903773.0,5.15,0
2000,Nebraska,1713820.0,5.15,0
2000,Nevada,2018741.0,5.15,0
2000,New Hampshire,1239882.0,5.15,1
2000,New Jersey,8430621.0,5.15,1
2000,New Mexico,1821204.0,4.25,0
2000,New York,19001780.0,4.25,1
2000,North Carolina,8081614.0,5.15,1
2000,North Dakota,642023.0,5.15,0
2000,Ohio,11363543.0,4.25,0
2000,Oklahoma,3454365.0,5.15,0
2000,Oregon,3429708.0,6.5,1
2000,Pennsylvania,12284173.0,5.15,0
2000,Rhode Island,1050268.0,5.65,1
2000,South Carolina,4024223.0,0.0,1
2000,South Dakota,755844.0,5.15,0
2000,Tennessee,5703719.0,0.0,0
2000,Texas,20944499.0,3.35,0
2000,Utah,2244502.0,5.15,0
2000,Vermont,609618.0,5.75,0
2000,Virginia,7105817.0,5.15,1
2000,Washington,5910512.0,6.5,1
2000,West Virginia,1807021.0,5.15,0
2000,Wisconsin,5373999.0,5.15,0
2000,Wyoming,494300.0,1.6,0
2001,Alabama,4467634.0,0.0,0
2001,Alaska,633714.0,5.65,1
2001,Arizona,5273477.0,0.0,0
2001,Arkansas,2691571.0,5.15,0
2001,California,34479458.0,6.25,1
2001,Colorado,4425687.0,5.15,0
2001,Connecticut,3432835.0,6.4,1
2001,Delaware,795699.0,6.15,1
2001,District of Columbia,574504.0,6.15,0
2001,Florida,16356966.0,0.0,1
2001,Georgia,8377038.0,3.25,1
2001,Hawaii,1225948.0,5.25,1
2001,Idaho,1319962.0,5.15,0
2001,Illinois,12488445.0,5.15,0
2001,Indiana,6127760.0,5.15,0
2001,Iowa,2931997.0,5.15,0
2001,Kansas,2702162.0,2.65,0
2001,Kentucky,4068132.0,5.15,0
2001,Louisiana,4477875.0,0.0,0
2001,Maine,1285692.0,5.15,1
2001,Maryland,5374691.0,5.15,1
2001,Massachusetts,6397634.0,6.75,1
2001,Michigan,9991120.0,5.15,0
2001,Minnesota,4982796.0,5.15,0
2001,Mississippi,2852994.0,0.0,0
2001,Missouri,5641142.0,5.15,0
2001,Montana,906961.0,5.15,0
2001,Nebraska,1719836.0,5.15,0
2001,Nevada,2098399.0,5.15,0
2001,New Hampshire,1255517.0,5.15,1
2001,New Jersey,8492671.0,5.15,1
2001,New Mexico,1831690.0,4.25,0
2001,New York,19082838.0,5.15,1
2001,North Carolina,8210122.0,5.15,1
2001,North Dakota,639062.0,5.15,0
2001,Ohio,11387404.0,4.25,0
2001,Oklahoma,3467100.0,5.15,0
2001,Oregon,3467937.0,6.5,1
2001,Pennsylvania,12298970.0,5.15,0
2001,Rhode Island,1057142.0,6.15,1
2001,South Carolina,4064995.0,0.0,1
2001,South Dakota,757972.0,5.15,0
2001,Tennessee,5750789.0,0.0,0
2001,Texas,21319622.0,3.35,0
2001,Utah,2283715.0,5.15,0
2001,Vermont,612223.0,6.25,0
2001,Virginia,7198362.0,5.15,1
2001,Washington,5985722.0,6.72,1
2001,West Virginia,1801481.0,5.15,0
2001,Wisconsin,5406835.0,5.15,0
2001,Wyoming,494657.0,1.6,0
2002,Alabama,4480089.0,0.0,0
2002,Alaska,642337.0,5.65,1
2002,Arizona,5396255.0,0.0,0
2002,Arkansas,2705927.0,5.15,0
2002,California,34871843.0,6.75,1
2002,Colorado,4490406.0,5.15,0
2002,Connecticut,3458749.0,6.7,1
2002,Delaware,806169.0,6.15,1
2002,District of Columbia,573158.0,6.15,0
2002,Florida,16689370.0,0.0,1
2002,Georgia,8508256.0,5.15,1
2002,Hawaii,1239613.0,5.75,1
2002,Idaho,1340372.0,5.15,0
2002,Illinois,12525556.0,5.15,0
2002,Indiana,6155967.0,5.15,0
2002,Iowa,2934234.0,5.15,0
2002,Kansas,2713535.0,2.65,0
2002,Kentucky,4089875.0,5.15,0
2002,Louisiana,4497267.0,0.0,0
2002,Maine,1295960.0,5.75,1
2002,Maryland,5440389.0,5.15,1
2002,Massachusetts,6417206.0,6.75,1
2002,Michigan,10015710.0,5.15,0
2002,Minnesota,5018935.0,5.15,0
2002,Mississippi,2858681.0,0.0,0
2002,Missouri,5674825.0,5.15,0
2002,Montana,911667.0,5.15,0
2002,Nebraska,1728292.0,5.15,0
2002,Nevada,2173791.0,5.15,0
2002,New Hampshire,1269089.0,5.15,1
2002,New Jersey,8552643.0,5.15,1
2002,New Mexico,1855309.0,4.25,0
2002,New York,19137800.0,5.15,1
2002,North Carolina,8326201.0,5.15,1
2002,North Dakota,638168.0,5.15,0
2002,Ohio,11407889.0,4.25,0
2002,Oklahoma,3489080.0,5.15,0
2002,Oregon,3513424.0,6.5,1
2002,Pennsylvania,12331031.0,5.15,0
2002,Rhode Island,1065995.0,6.15,1
2002,South Carolina,4107795.0,0.0,1
2002,South Dakota,760020.0,5.15,0
2002,Tennessee,5795918.0,0.0,0
2002,Texas,21690325.0,5.15,0
2002,Utah,2324815.0,5.15,0
2002,Vermont,615442.0,6.25,0
2002,Virginia,7286873.0,5.15,1
2002,Washington,6052349.0,6.9,1
2002,West Virginia,1805414.0,5.15,0
2002,Wisconsin,5445162.0,5.15,0
2002,Wyoming,500017.0,5.15,0
2003,Alabama,4503491.0,0.0,0
2003,Alaska,648414.0,7.15,1
2003,Arizona,5510364.0,0.0,0
2003,Arkansas,2724816.0,5.15,0
2003,California,35253159.0,6.75,1
2003,Colorado,4528732.0,5.15,0
2003,Connecticut,3484336.0,6.9,1
2003,Delaware,818003.0,6.15,1
2003,District of Columbia,568502.0,6.15,0
2003,Florida,17004085.0,0.0,1
2003,Georgia,8622793.0,5.15,1
2003,Hawaii,1251154.0,6.25,1
2003,Idaho,1363380.0,5.15,0
2003,Illinois,12556006.0,5.15,0
2003,Indiana,6196638.0,5.15,0
2003,Iowa,2941999.0,5.15,0
2003,Kansas,2723004.0,2.65,0
2003,Kentucky,4117170.0,5.15,0
2003,Louisiana,4521042.0,0.0,0
2003,Maine,1306513.0,6.25,1
2003,Maryland,5496269.0,5.15,1
2003,Massachusetts,6422565.0,6.75,1
2003,Michigan,10041152.0,5.15,0
2003,Minnesota,5053572.0,5.15,0
2003,Mississippi,2868312.0,0.0,0
2003,Missouri,5709403.0,5.15,0
2003,Montana,919630.0,5.15,0
2003,Nebraska,1738643.0,5.15,0
2003,Nevada,2248850.0,5.15,0
2003,New Hampshire,1279840.0,5.15,1
2003,New Jersey,8601402.0,5.15,1
2003,New Mexico,1877574.0,4.25,0
2003,New York,19175939.0,5.15,1
2003,North Carolina,8422501.0,5.15,1
2003,North Dakota,638817.0,5.15,0
2003,Ohio,11434788.0,4.25,0
2003,Oklahoma,3504892.0,5.15,0
2003,Oregon,3547376.0,6.9,1
2003,Pennsylvania,12374658.0,5.15,0
2003,Rhode Island,1071342.0,6.15,1
2003,South Carolina,4150297.0,0.0,1
2003,South Dakota,763729.0,5.15,0
2003,Tennessee,5847812.0,0.0,0
2003,Texas,22030931.0,5.15,0
2003,Utah,2360137.0,5.15,0
2003,Vermont,617858.0,6.25,0
2003,Virginia,7366977.0,5.15,1
2003,Washington,6104115.0,7.01,1
2003,West Virginia,1812295.0,5.15,0
2003,Wisconsin,5479203.0,5.15,0
2003,Wyoming,503453.0,5.15,0
2004,Alabama,4530729.0,0.0,0
2004,Alaska,659286.0,7.15,1
2004,Arizona,5652404.0,0.0,0
2004,Arkansas,2749686.0,5.15,0
2004,California,35574576.0,6.75,1
2004,Colorado,4575013.0,5.15,0
2004,Connecticut,3496094.0,7.1,1
2004,Delaware,830803.0,6.15,1
2004,District of Columbia,567754.0,6.15,0
2004,Florida,17415318.0,0.0,1
2004,Georgia,8769252.0,5.15,1
2004,Hawaii,1273569.0,6.25,1
2004,Idaho,1391802.0,5.15,0
2004,Illinois,12589773.0,5.5,0
2004,Indiana,6233007.0,5.15,0
2004,Iowa,2953635.0,5.15,0
2004,Kansas,2734373.0,2.65,0
2004,Kentucky,4146101.0,5.15,0
2004,Louisiana,4552238.0,0.0,0
2004,Maine,1313688.0,6.25,1
2004,Maryland,5546935.0,5.15,1
2004,Massachusetts,6412281.0,6.75,1
2004,Michigan,10055315.0,5.15,0
2004,Minnesota,5087713.0,5.15,0
2004,Mississippi,2889010.0,0.0,0
2004,Missouri,5747741.0,5.15,0
2004,Montana,930009.0,5.15,0
2004,Nebraska,1749370.0,5.15,0
2004,Nevada,2346222.0,5.15,0
2004,New Hampshire,1290121.0,5.15,1
2004,New Jersey,8634561.0,5.15,1
2004,New Mexico,1903808.0,5.15,0
2004,New York,19171567.0,5.15,1
2004,North Carolina,8553152.0,5.15,1
2004,North Dakota,644705.0,5.15,0
2004,Ohio,11452251.0,4.25,0
2004,Oklahoma,3525233.0,5.15,0
2004,Oregon,3569463.0,7.05,1
2004,Pennsylvania,12410722.0,5.15,0
2004,Rhode Island,1074579.0,6.75,1
2004,South Carolina,4210921.0,0.0,1
2004,South Dakota,770396.0,5.15,0
2004,Tennessee,5910809.0,0.0,0
2004,Texas,22394023.0,5.15,0
2004,Utah,2401580.0,5.15,0
2004,Vermont,619920.0,6.75,0
2004,Virginia,7475575.0,5.15,1
2004,Washington,6178645.0,7.16,1
2004,West Virginia,1816438.0,5.15,0
2004,Wisconsin,5514026.0,5.15,0
2004,Wyoming,509106.0,5.15,0
2005,Alabama,4565917.0,0.0,0
2005,Alaska,666946.0,7.15,1
2005,Arizona,5839077.0,0.0,0
2005,Arkansas,2781097.0,5.15,0
2005,California,35827943.0,6.75,1
2005,Colorado,4631888.0,5.15,0
2005,Connecticut,3506956.0,7.1,1
2005,Delaware,845150.0,6.15,1
2005,District of Columbia,567136.0,6.6,0
2005,Florida,17842038.0,0.0,1
2005,Georgia,8925922.0,5.15,1
2005,Hawaii,1292729.0,6.25,1
2005,Idaho,1428241.0,5.15,0
2005,Illinois,12609903.0,6.5,0
2005,Indiana,6278616.0,5.15,0
2005,Iowa,2964454.0,5.15,0
2005,Kansas,2745299.0,2.65,0
2005,Kentucky,4182742.0,5.15,0
2005,Louisiana,4411396.0,0.0,0
2005,Maine,1318787.0,6.35,1
2005,Maryland,5592379.0,5.15,1
2005,Massachusetts,6403290.0,6.75,1
2005,Michigan,10051137.0,5.15,0
2005,Minnesota,5119598.0,5.15,0
2005,Mississippi,2876229.0,0.0,0
2005,Missouri,5790300.0,5.15,0
2005,Montana,940102.0,5.15,0
2005,Nebraska,1761497.0,5.15,0
2005,Nevada,2432143.0,5.15,0
2005,New Hampshire,1298492.0,5.15,1
2005,New Jersey,8651974.0,5.15,1
2005,New Mexico,1932274.0,5.15,0
2005,New York,19132610.0,6.0,1
2005,North Carolina,8705407.0,5.15,1
2005,North Dakota,646089.0,5.15,0
2005,Ohio,11463320.0,4.25,0
2005,Oklahoma,3548597.0,5.15,0
2005,Oregon,3613202.0,7.25,1
2005,Pennsylvania,12449990.0,5.15,0
2005,Rhode Island,1067916.0,6.75,1
2005,South Carolina,4270150.0,0.0,1
2005,South Dakota,775493.0,5.15,0
2005,Tennessee,5991057.0,0.0,0
2005,Texas,22773020.0,5.15,0
2005,Utah,2457719.0,5.15,0
2005,Vermont,621215.0,7.0,0
2005,Virginia,7577105.0,5.15,1
2005,Washington,6257305.0,7.35,1
2005,West Virginia,1820492.0,5.15,0
2005,Wisconsin,5546166.0,5.15,0
2005,Wyoming,514157.0,5.15,0
2006,Alabama,4628981.0,0.0,0
2006,Alaska,675302.0,7.15,1
2006,Arizona,6029141.0,0.0,0
2006,Arkansas,2821761.0,5.15,0
2006,California,36021202.0,6.75,1
2006,Colorado,4720423.0,5.15,0
2006,Connecticut,3517460.0,7.4,1
2006,Delaware,859268.0,6.15,1
2006,District of Columbia,570681.0,7.0,0
2006,Florida,18166990.0,6.4,1
2006,Georgia,9155813.0,5.15,1
2006,Hawaii,1309731.0,6.75,1
2006,Idaho,1468669.0,5.15,0
2006,Illinois,12643955.0,6.5,0
2006,Indiana,6332669.0,5.15,0
2006,Iowa,2982644.0,5.15,0
2006,Kansas,2762931.0,2.65,0
2006,Kentucky,4219239.0,5.15,0
2006,Louisiana,4302665.0,0.0,0
2006,Maine,1323619.0,6.5,1
2006,Maryland,5627367.0,5.15,1
2006,Massachusetts,6410084.0,6.75,1
2006,Michigan,10036081.0,5.15,0
2006,Minnesota,5163555.0,6.15,0
2006,Mississippi,2904978.0,0.0,0
2006,Missouri,5842704.0,5.15,0
2006,Montana,952692.0,5.15,0
2006,Nebraska,1772693.0,5.15,0
2006,Nevada,2522658.0,5.15,0
2006,New Hampshire,1308389.0,5.15,1
2006,New Jersey,8661679.0,6.15,1
2006,New Mexico,1962137.0,5.15,0
2006,New York,19104631.0,6.75,1
2006,North Carolina,8917270.0,5.15,1
2006,North Dakota,649422.0,5.15,0
2006,Ohio,11481213.0,4.25,0
2006,Oklahoma,3594090.0,5.15,0
2006,Oregon,3670883.0,7.5,1
2006,Pennsylvania,12510809.0,5.15,0
2006,Rhode Island,1063096.0,6.75,1
2006,South Carolina,4357847.0,0.0,1
2006,South Dakota,783033.0,5.15,0
2006,Tennessee,6088766.0,0.0,0
2006,Texas,23359580.0,5.15,0
2006,Utah,2525507.0,5.15,0
2006,Vermont,622892.0,7.25,0
2006,Virginia,7673725.0,5.15,1
2006,Washington,6370753.0,7.63,1
2006,West Virginia,1827912.0,5.15,0
2006,Wisconsin,5577655.0,5.7,0
2006,Wyoming,522667.0,5.15,0
2007,Alabama,4672840.0,0.0,0
2007,Alaska,680300.0,7.15,1
2007,Arizona,6167681.0,6.75,0
2007,Arkansas,2848650.0,6.25,0
2007,California,36250311.0,7.5,1
2007,Colorado,4803868.0,6.85,0
2007,Connecticut,3527270.0,7.65,1
2007,Delaware,871749.0,6.65,1
2007,District of Columbia,574404.0,7.0,0
2007,Florida,18367842.0,6.67,1
2007,Georgia,9349988.0,5.15,1
2007,Hawaii,1315675.0,7.25,1
2007,Idaho,1505105.0,5.15,0
2007,Illinois,12695866.0,6.5,0
2007,Indiana,6379599.0,5.15,0
2007,Iowa,2999212.0,5.15,0
2007,Kansas,2783785.0,2.65,0
2007,Kentucky,4256672.0,5.15,0
2007,Louisiana,4375581.0,0.0,0
2007,Maine,1327040.0,6.75,1
2007,Maryland,5653408.0,6.15,1
2007,Massachusetts,6431559.0,7.5,1
2007,Michigan,10001284.0,6.95,0
2007,Minnesota,5207203.0,6.15,0
2007,Mississippi,2928350.0,0.0,0
2007,Missouri,5887612.0,6.5,0
2007,Montana,964706.0,6.15,0
2007,Nebraska,1783440.0,5.15,0
2007,Nevada,2601072.0,6.15,0
2007,New Hampshire,1312540.0,5.15,1
2007,New Jersey,8677885.0,7.15,1
2007,New Mexico,1990070.0,5.15,0
2007,New York,19132335.0,7.15,1
2007,North Carolina,9118037.0,6.15,1
2007,North Dakota,652822.0,5.15,0
2007,Ohio,11500468.0,6.85,0
2007,Oklahoma,3634349.0,5.15,0
2007,Oregon,3722417.0,7.8,1
2007,Pennsylvania,12563937.0,6.25,0
2007,Rhode Island,1057315.0,7.4,1
2007,South Carolina,4444110.0,0.0,1
2007,South Dakota,791623.0,5.15,0
2007,Tennessee,6175727.0,0.0,0
2007,Texas,23831983.0,5.15,0
2007,Utah,2597746.0,5.15,0
2007,Vermont,623481.0,7.53,0
2007,Virginia,7751000.0,5.15,1
2007,Washington,6461587.0,7.93,1
2007,West Virginia,1834052.0,5.85,0
2007,Wisconsin,5610775.0,6.5,0
2007,Wyoming,534876.0,5.15,0
2008,Alabama,4718206.0,0.0,0
2008,Alaska,687455.0,7.15,1
2008,Arizona,6280362.0,6.9,0
2008,Arkansas,2874554.0,6.25,0
2008,California,36604337.0,8.0,1
2008,Colorado,4889730.0,7.02,0
2008,Connecticut,3545579.0,7.65,1
2008,Delaware,883874.0,7.15,1
2008,District of Columbia,580236.0,7.0,0
2008,Florida,18527305.0,6.79,1
2008,Georgia,9504843.0,5.15,1
2008,Hawaii,1332213.0,7.25,1
2008,Idaho,1534320.0,5.85,0
2008,Illinois,12747038.0,7.5,0
2008,Indiana,6424806.0,5.85,0
2008,Iowa,3016734.0,7.25,0
2008,Kansas,2808076.0,2.65,0
2008,Kentucky,4289878.0,5.85,0
2008,Louisiana,4435586.0,0.0,0
2008,Maine,1330509.0,7.0,1
2008,Maryland,5684965.0,6.15,1
2008,Massachusetts,6468967.0,8.0,1
2008,Michigan,9946889.0,7.15,0
2008,Minnesota,5247018.0,6.15,0
2008,Mississippi,2947806.0,0.0,0
2008,Missouri,5923916.0,6.65,0
2008,Montana,976415.0,6.25,0
2008,Nebraska,1796378.0,5.85,0
2008,Nevada,2653630.0,6.33,0
2008,New Hampshire,1315906.0,6.5,1
2008,New Jersey,8711090.0,7.15,1
2008,New Mexico,2010662.0,6.5,0
2008,New York,19212436.0,7.15,1
2008,North Carolina,9309449.0,6.15,1
2008,North Dakota,657569.0,5.85,0
2008,Ohio,11515391.0,7.0,0
2008,Oklahoma,3668976.0,5.85,0
2008,Oregon,3768748.0,7.95,1
2008,Pennsylvania,12612285.0,7.15,0
2008,Rhode Island,1055003.0,7.4,1
2008,South Carolina,4528996.0,0.0,1
2008,South Dakota,799124.0,5.85,0
2008,Tennessee,6247411.0,0.0,0
2008,Texas,24309039.0,5.85,0
2008,Utah,2663029.0,5.85,0
2008,Vermont,624151.0,7.68,0
2008,Virginia,7833496.0,5.85,1
2008,Washington,6562231.0,8.07,1
2008,West Virginia,1840310.0,6.55,0
2008,Wisconsin,5640996.0,6.5,0
2008,Wyoming,546043.0,5.15,0
2009,Alabama,4757938.0,0.0,0
2009,Alaska,698895.0,7.15,1
2009,Arizona,6343154.0,7.25,0
2009,Arkansas,2896843.0,6.25,0
2009,California,36961229.0,8.0,1
2009,Colorado,4972195.0,7.28,0
2009,Connecticut,3561807.0,8.0,1
2009,Delaware,891730.0,7.15,1
2009,District of Columbia,592228.0,7.55,0
2009,Florida,18652644.0,7.21,1
2009,Georgia,9620846.0,5.15,1
2009,Hawaii,1346717.0,7.25,1
2009,Idaho,1554439.0,6.55,0
2009,Illinois,12796778.0,7.75,0
2009,Indiana,6459325.0,6.55,0
2009,Iowa,3032870.0,7.25,0
2009,Kansas,2832704.0,2.65,0
2009,Kentucky,4317074.0,6.55,0
2009,Louisiana,4491648.0,0.0,0
2009,Maine,1329590.0,7.25,1
2009,Maryland,5730388.0,6.55,1
2009,Massachusetts,6517613.0,8.0,1
2009,Michigan,9901591.0,7.4,0
2009,Minnesota,5281203.0,6.15,0
2009,Mississippi,2958774.0,0.0,0
2009,Missouri,5961088.0,7.05,0
2009,Montana,983982.0,6.9,0
2009,Nebraska,1812683.0,6.55,0
2009,Nevada,2684665.0,6.85,0
2009,New Hampshire,1316102.0,7.25,1
2009,New Jersey,8755602.0,7.15,1
2009,New Mexico,2036802.0,7.5,0
2009,New York,19307066.0,7.15,1
2009,North Carolina,9449566.0,6.55,1
2009,North Dakota,664968.0,6.55,0
2009,Ohio,11528896.0,7.3,0
2009,Oklahoma,3717572.0,6.55,0
2009,Oregon,3808600.0,8.4,1
2009,Pennsylvania,12666858.0,7.15,0
2009,Rhode Island,1053646.0,7.4,1
2009,South Carolina,4589872.0,0.0,1
2009,South Dakota,807067.0,6.55,0
2009,Tennessee,6306019.0,0.0,0
2009,Texas,24801761.0,6.55,0
2009,Utah,2723421.0,6.55,0
2009,Vermont,624817.0,8.06,0
2009,Virginia,7925937.0,6.55,1
2009,Washington,6667426.0,8.55,1
2009,West Virginia,1847775.0,7.25,0
2009,Wisconsin,5669264.0,6.5,0
2009,Wyoming,559851.0,5.15,0
2010,Alabama,4785448.0,0.0,0
2010,Alaska,713906.0,7.75,1
2010,Arizona,6407774.0,7.25,0
2010,Arkansas,2921978.0,6.25,0
2010,California,37320903.0,8.0,1
2010,Colorado,5048281.0,7.24,0
2010,Connecticut,3579125.0,8.25,1
2010,Delaware,899595.0,7.25,1
2010,District of Columbia,605085.0,8.25,0
2010,Florida,18845785.0,7.25,1
2010,Georgia,9711810.0,5.15,1
2010,Hawaii,1363963.0,7.25,1
2010,Idaho,1570773.0,7.25,0
2010,Illinois,12840762.0,8.0,0
2010,Indiana,6490436.0,7.25,0
2010,Iowa,3050767.0,7.25,0
2010,Kansas,2858213.0,7.25,0
2010,Kentucky,4348200.0,7.25,0
2010,Louisiana,4544532.0,0.0,0
2010,Maine,1327632.0,7.5,1
2010,Maryland,5788642.0,7.25,1
2010,Massachusetts,6566431.0,8.0,1
2010,Michigan,9877535.0,7.4,0
2010,Minnesota,5310843.0,6.15,0
2010,Mississippi,2970536.0,0.0,0
2010,Missouri,5995976.0,7.25,0
2010,Montana,990722.0,7.25,0
2010,Nebraska,1829536.0,7.25,0
2010,Nevada,2702464.0,7.55,0
2010,New Hampshire,1316777.0,7.25,1
2010,New Jersey,8799624.0,7.25,1
2010,New Mexico,2064588.0,7.5,0
2010,New York,19400080.0,7.25,1
2010,North Carolina,9574293.0,7.25,1
2010,North Dakota,674710.0,7.25,0
2010,Ohio,11539327.0,7.3,0
2010,Oklahoma,3759632.0,7.25,0
2010,Oregon,3837532.0,8.4,1
2010,Pennsylvania,12711158.0,7.25,0
2010,Rhode Island,1053938.0,7.4,1
2010,South Carolina,4635656.0,0.0,1
2010,South Dakota,816165.0,7.25,0
2010,Tennessee,6355301.0,0.0,0
2010,Texas,25242679.0,7.25,0
2010,Utah,2775334.0,7.25,0
2010,Vermont,625880.0,8.06,0
2010,Virginia,8023680.0,7.25,1
2010,Washington,6742902.0,8.55,1
2010,West Virginia,1854214.0,7.25,0
2010,Wisconsin,5690479.0,7.25,0
2010,Wyoming,564483.0,5.15,0
2011,Alabama,4798834.0,0.0,0
2011,Alaska,722038.0,7.75,1
2011,Arizona,6473497.0,7.35,0
2011,Arkansas,2940407.0,6.25,0
2011,California,37641823.0,8.0,1
2011,Colorado,5121771.0,7.36,0
2011,Connecticut,3588023.0,8.25,1
2011,Delaware,907316.0,7.25,1
2011,District of Columbia,619602.0,8.25,0
2011,Florida,19093352.0,7.25,1
2011,Georgia,9801578.0,5.15,1
2011,Hawaii,1379252.0,7.25,1
2011,Idaho,1583828.0,7.25,0
2011,Illinois,12867291.0,8.25,0
2011,Indiana,6516045.0,7.25,0
2011,Iowa,3066054.0,7.25,0
2011,Kansas,2869035.0,7.25,0
2011,Kentucky,4369488.0,7.25,0
2011,Louisiana,4575184.0,0.0,0
2011,Maine,1328150.0,7.5,1
2011,Maryland,5838991.0,7.25,1
2011,Massachusetts,6613149.0,8.0,1
2011,Michigan,9881521.0,7.4,0
2011,Minnesota,5345668.0,6.15,0
2011,Mississippi,2978470.0,0.0,0
2011,Missouri,6009641.0,7.25,0
2011,Montana,997221.0,7.35,0
2011,Nebraska,1840538.0,7.25,0
2011,Nevada,2712799.0,8.25,0
2011,New Hampshire,1319815.0,7.25,1
2011,New Jersey,8827783.0,7.25,1
2011,New Mexico,2080395.0,7.5,0
2011,New York,19498514.0,7.25,1
2011,North Carolina,9656754.0,7.25,1
2011,North Dakota,685136.0,7.25,0
2011,Ohio,11543463.0,7.4,0
2011,Oklahoma,3787821.0,7.25,0
2011,Oregon,3871728.0,8.5,1
2011,Pennsylvania,12744583.0,7.25,0
2011,Rhode Island,1053536.0,7.4,1
2011,South Carolina,4671422.0,0.0,1
2011,South Dakota,823484.0,7.25,0
2011,Tennessee,6397410.0,0.0,0
2011,Texas,25646227.0,7.25,0
2011,Utah,2814216.0,7.25,0
2011,Vermont,626979.0,8.15,0
2011,Virginia,8100469.0,7.25,1
2011,Washington,6821655.0,8.67,1
2011,West Virginia,1856074.0,7.25,0
2011,Wisconsin,5704755.0,7.25,0
2011,Wyoming,567224.0,5.15,0
2012,Alabama,4815564.0,0.0,0
2012,Alaska,730399.0,7.75,1
2012,Arizona,6556629.0,7.65,0
2012,Arkansas,2952109.0,6.25,0
2012,California,37960782.0,8.0,1
2012,Colorado,5193721.0,7.64,0
2012,Connecticut,3594395.0,8.25,1
2012,Delaware,915188.0,7.25,1
2012,District of Columbia,634725.0,8.25,0
2012,Florida,19326230.0,7.67,1
2012,Georgia,9901496.0,5.15,1
2012,Hawaii,1394905.0,7.25,1
2012,Idaho,1595441.0,7.25,0
2012,Illinois,12884119.0,8.25,0
2012,Indiana,6537640.0,7.25,0
2012,Iowa,3076097.0,7.25,0
2012,Kansas,2885361.0,7.25,0
2012,Kentucky,4386381.0,7.25,0
2012,Louisiana,4600814.0,0.0,0
2012,Maine,1327691.0,7.5,1
2012,Maryland,5887072.0,7.25,1
2012,Massachusetts,6663158.0,8.0,1
2012,Michigan,9896930.0,7.4,0
2012,Minnesota,5376550.0,6.15,0
2012,Mississippi,2983767.0,0.0,0
2012,Missouri,6024081.0,7.25,0
2012,Montana,1003754.0,7.65,0
2012,Nebraska,1853323.0,7.25,0
2012,Nevada,2744566.0,8.25,0
2012,New Hampshire,1323962.0,7.25,1
2012,New Jersey,8845483.0,7.25,1
2012,New Mexico,2087549.0,7.5,0
2012,New York,19574549.0,7.25,1
2012,North Carolina,9749123.0,7.25,1
2012,North Dakota,701116.0,7.25,0
2012,Ohio,11548369.0,7.7,0
2012,Oklahoma,3818600.0,7.25,0
2012,Oregon,3899118.0,8.8,1
2012,Pennsylvania,12766827.0,7.25,0
2012,Rhode Island,1054601.0,7.4,1
2012,South Carolina,4717112.0,0.0,1
2012,South Dakota,833496.0,7.25,0
2012,Tennessee,6451281.0,0.0,0
2012,Texas,26089620.0,7.25,0
2012,Utah,2853467.0,7.25,0
2012,Vermont,626063.0,8.46,0
2012,Virginia,8185229.0,7.25,1
2012,Washington,6892876.0,9.04,1
2012,West Virginia,1856764.0,7.25,0
2012,Wisconsin,5719855.0,7.25,0
2012,Wyoming,576270.0,5.15,0
2013,Alabama,4830460.0,0.0,0
2013,Alaska,737045.0,7.75,1
2013,Arizona,6634999.0,7.8,0
2013,Arkansas,2959549.0,6.25,0
2013,California,38280824.0,8.0,1
2013,Colorado,5270482.0,7.78,0
2013,Connecticut,3594915.0,8.25,1
2013,Delaware,923638.0,7.25,1
2013,District of Columbia,650431.0,8.25,0
2013,Florida,19563166.0,7.79,1
2013,Georgia,9973326.0,5.15,1
2013,Hawaii,1408453.0,7.25,1
2013,Idaho,1611530.0,7.25,0
2013,Illinois,12898269.0,8.25,0
2013,Indiana,6568367.0,7.25,0
2013,Iowa,3093078.0,7.25,0
2013,Kansas,2893510.0,7.25,0
2013,Kentucky,4404817.0,7.25,0
2013,Louisiana,4624577.0,0.0,0
2013,Maine,1328196.0,7.5,1
2013,Maryland,5923704.0,7.25,1
2013,Massachusetts,6713944.0,8.0,1
2013,Michigan,9913349.0,7.4,0
2013,Minnesota,5413693.0,6.15,0
2013,Mississippi,2988797.0,0.0,0
2013,Missouri,6040658.0,7.35,0
2013,Montana,1013564.0,7.8,0
2013,Nebraska,1865414.0,7.25,0
2013,Nevada,2776972.0,8.25,0
2013,New Hampshire,1326408.0,7.25,1
2013,New Jersey,8858362.0,7.25,1
2013,New Mexico,2092792.0,7.5,0
2013,New York,19628043.0,7.25,1
2013,North Carolina,9843599.0,7.25,1
2013,North Dakota,721999.0,7.25,0
2013,Ohio,11576576.0,7.85,0
2013,Oklahoma,3853205.0,7.25,0
2013,Oregon,3922908.0,8.95,1
2013,Pennsylvania,12776621.0,7.25,0
2013,Rhode Island,1055122.0,7.75,1
2013,South Carolina,4764153.0,0.0,1
2013,South Dakota,842270.0,7.25,0
2013,Tennessee,6493432.0,0.0,0
2013,Texas,26489464.0,7.25,0
2013,Utah,2897927.0,7.25,0
2013,Vermont,626212.0,8.6,0
2013,Virginia,8253053.0,7.25,1
2013,Washington,6962906.0,9.19,1
2013,West Virginia,1853873.0,7.25,0
2013,Wisconsin,5736952.0,7.25,0
2013,Wyoming,582123.0,5.15,0
2014,Alabama,4842481.0,0.0,0
2014,Alaska,736307.0,7.75,1
2014,Arizona,6733840.0,7.9,0
2014,Arkansas,2967726.0,6.25,0
2014,California,38625139.0,9.0,1
2014,Colorado,5351218.0,8.0,0
2014,Connecticut,3594783.0,8.7,1
2014,Delaware,932596.0,7.75,1
2014,District of Columbia,662513.0,9.5,0
2014,Florida,19860330.0,7.93,1
2014,Georgia,10069001.0,5.15,1
2014,Hawaii,1414862.0,7.25,1
2014,Idaho,1631479.0,7.25,0
2014,Illinois,12888962.0,8.25,0
2014,Indiana,6593533.0,7.25,0
2014,Iowa,3109504.0,7.25,0
2014,Kansas,2900896.0,7.25,0
2014,Kentucky,4414483.0,7.25,0
2014,Louisiana,4644204.0,0.0,0
2014,Maine,1330760.0,7.5,1
2014,Maryland,5958165.0,7.25,1
2014,Massachusetts,6763652.0,8.0,1
2014,Michigan,9930589.0,8.15,0
2014,Minnesota,5451522.0,8.0,0
2014,Mississippi,2990623.0,0.0,0
2014,Missouri,6056293.0,7.5,0
2014,Montana,1021891.0,7.9,0
2014,Nebraska,1879522.0,7.25,0
2014,Nevada,2819012.0,8.25,0
2014,New Hampshire,1333223.0,7.25,1
2014,New Jersey,8866780.0,8.25,1
2014,New Mexico,2090342.0,7.5,0
2014,New York,19656330.0,8.0,1
2014,North Carolina,9933944.0,7.25,1
2014,North Dakota,737382.0,7.25,0
2014,Ohio,11602973.0,7.95,0
2014,Oklahoma,3878367.0,7.25,0
2014,Oregon,3964106.0,9.1,1
2014,Pennsylvania,12789101.0,7.25,0
2014,Rhode Island,1056017.0,8.0,1
2014,South Carolina,4823793.0,0.0,1
2014,South Dakota,849088.0,7.25,0
2014,Tennessee,6540826.0,0.0,0
2014,Texas,26977142.0,7.25,0
2014,Utah,2937399.0,7.25,0
2014,Vermont,625218.0,8.73,0
2014,Virginia,8312076.0,7.25,1
2014,Washington,7052439.0,9.32,1
2014,West Virginia,1849467.0,7.25,0
2014,Wisconsin,5751974.0,7.25,0
2014,Wyoming,582548.0,5.15,0
2015,Alabama,4853160.0,0.0,0
2015,Alaska,737547.0,8.75,1
2015,Arizona,6833596.0,8.05,0
2015,Arkansas,2978407.0,7.5,0
2015,California,38953142.0,9.0,1
2015,Colorado,5452107.0,8.23,0
2015,Connecticut,3587509.0,9.15,1
2015,Delaware,941413.0,8.25,1
2015,District of Columbia,675254.0,10.5,0
2015,Florida,20224249.0,8.05,1
2015,Georgia,10181111.0,5.15,1
2015,Hawaii,1422484.0,7.75,1
2015,Idaho,1651523.0,7.25,0
2015,Illinois,12864342.0,8.25,0
2015,Indiana,6608296.0,7.25,0
2015,Iowa,3121460.0,7.25,0
2015,Kansas,2909502.0,7.25,0
2015,Kentucky,4425999.0,7.25,0
2015,Louisiana,4664851.0,0.0,0
2015,Maine,1328484.0,7.5,1
2015,Maryland,5986717.0,8.25,1
2015,Massachusetts,6795891.0,9.0,1
2015,Michigan,9932573.0,8.15,0
2015,Minnesota,5482503.0,9.0,0
2015,Mississippi,2988693.0,0.0,0
2015,Missouri,6071745.0,7.65,0
2015,Montana,1030503.0,8.05,0
2015,Nebraska,1891507.0,8.0,0
2015,Nevada,2868666.0,8.25,0
2015,New Hampshire,1336294.0,7.25,1
2015,New Jersey,8870869.0,8.38,1
2015,New Mexico,2090211.0,7.5,0
2015,New York,19661411.0,8.75,1
2015,North Carolina,10033079.0,7.25,1
2015,North Dakota,754022.0,7.25,0
2015,Ohio,11617850.0,8.1,0
2015,Oklahoma,3909831.0,7.25,0
2015,Oregon,4016918.0,9.25,1
2015,Pennsylvania,12785759.0,7.25,0
2015,Rhode Island,1056173.0,9.0,1
2015,South Carolina,4892253.0,0.0,1
2015,South Dakota,853933.0,8.5,0
2015,Tennessee,6590808.0,0.0,0
2015,Texas,27486814.0,7.25,0
2015,Utah,2982497.0,7.25,0
2015,Vermont,625197.0,9.15,0
2015,Virginia,8362907.0,7.25,1
2015,Washington,7163543.0,9.47,1
2015,West Virginia,1841996.0,8.0,0
2015,Wisconsin,5761406.0,7.25,0
2015,Wyoming,585668.0,5.15,0
2016,Alabama,4864745.0,0.0,0
2016,Alaska,741504.0,9.75,1
2016,Arizona,6945452.0,8.05,0
2016,Arkansas,2990410.0,8.0,0
2016,California,39209127.0,10.0,1
2016,Colorado,5540921.0,8.31,0
2016,Connecticut,3578674.0,9.6,1
2016,Delaware,949216.0,8.25,1
2016,District of Columbia,686575.0,11.5,0
2016,Florida,20629982.0,8.05,1
2016,Georgia,10304763.0,5.15,1
2016,Hawaii,1428105.0,8.5,1
2016,Idaho,1682930.0,7.25,0
2016,Illinois,12826895.0,8.25,0
2016,Indiana,6633344.0,7.25,0
2016,Iowa,3131785.0,7.25,0
2016,Kansas,2911263.0,7.25,0
2016,Kentucky,4438229.0,7.25,0
2016,Louisiana,4678215.0,0.0,0
2016,Maine,1331370.0,7.5,1
2016,Maryland,6004692.0,8.75,1
2016,Massachusetts,6826022.0,10.0,1
2016,Michigan,9951890.0,8.5,0
2016,Minnesota,5523409.0,9.5,0
2016,Mississippi,2988298.0,0.0,0
2016,Missouri,6087203.0,7.65,0
2016,Montana,1040863.0,8.05,0
2016,Nebraska,1905924.0,9.0,0
2016,Nevada,2919772.0,8.25,0
2016,New Hampshire,1342373.0,7.25,1
2016,New Jersey,8874516.0,8.38,1
2016,New Mexico,2092789.0,7.5,0
2016,New York,19641589.0,9.0,1
2016,North Carolina,10156679.0,7.25,1
2016,North Dakota,754353.0,7.25,0
2016,Ohio,11635003.0,8.1,0
2016,Oklahoma,3926769.0,7.25,0
2016,Oregon,4091404.0,9.75,1
2016,Pennsylvania,12783538.0,7.25,0
2016,Rhode Island,1057063.0,9.6,1
2016,South Carolina,4958235.0,0.0,1
2016,South Dakota,862890.0,8.55,0
2016,Tennessee,6645011.0,0.0,0
2016,Texas,27937492.0,7.25,0
2016,Utah,3042613.0,7.25,0
2016,Vermont,623644.0,9.6,0
2016,Virginia,8410946.0,7.25,1
2016,Washington,7294680.0,9.47,1
2016,West Virginia,1830929.0,8.75,0
2016,Wisconsin,5772958.0,7.25,0
2016,Wyoming,584290.0,5.15,0
2017,Alabama,4875120.0,0.0,0
2017,Alaska,739786.0,9.8,1
2017,Arizona,7048876.0,10.0,0
2017,Arkansas,3002997.0,8.5,0
2017,California,39399349.0,10.0,1
2017,Colorado,5615902.0,9.3,0
2017,Connecticut,3573880.0,10.1,1
2017,Delaware,957078.0,8.25,1
2017,District of Columbia,695691.0,11.5,0
2017,Florida,20976812.0,8.1,1
2017,Georgia,10413055.0,5.15,1
2017,Hawaii,1424203.0,9.25,1
2017,Idaho,1718904.0,7.25,0
2017,Illinois,12786196.0,8.25,0
2017,Indiana,6660082.0,7.25,0
2017,Iowa,3143637.0,7.25,0
2017,Kansas,2910689.0,7.25,0
2017,Kentucky,4453874.0,7.25,0
2017,Louisiana,4670818.0,0.0,0
2017,Maine,1335063.0,9.0,1
2017,Maryland,6024891.0,8.75,1
2017,Massachusetts,6863246.0,11.0,1
2017,Michigan,9976447.0,8.9,0
2017,Minnesota,5568155.0,9.5,0
2017,Mississippi,2989663.0,0.0,0
2017,Missouri,6108612.0,7.7,0
2017,Montana,1053090.0,8.15,0
2017,Nebraska,1917575.0,9.0,0
2017,Nevada,2972405.0,8.25,0
2017,New Hampshire,1349767.0,7.25,1
2017,New Jersey,8888543.0,8.44,1
2017,New Mexico,2093395.0,7.5,0
2017,New York,19590719.0,9.7,1
2017,North Carolina,10270800.0,7.25,1
2017,North Dakota,755176.0,7.25,0
2017,Ohio,11664129.0,8.15,0
2017,Oklahoma,3932640.0,7.25,0
2017,Oregon,4146592.0,9.75,1
2017,Pennsylvania,12790447.0,7.25,0
2017,Rhode Island,1056486.0,9.6,1
2017,South Carolina,5021219.0,0.0,1
2017,South Dakota,873286.0,8.65,0
2017,Tennessee,6708794.0,0.0,0
2017,Texas,28322717.0,7.25,0
2017,Utah,3103118.0,7.25,0
2017,Vermont,624525.0,10.0,0
2017,Virginia,8465207.0,7.25,1
2017,Washington,7425432.0,11.0,1
2017,West Virginia,1817048.0,8.75,0
2017,Wisconsin,5792051.0,7.25,0
2017,Wyoming,578934.0,5.15,0
